name,lng,lat
Hatfield,-0.2274,51.7623
St Albans,-0.3374,51.751
London Colney,-0.2994,51.7229
Redbourn,-0.397,51.7997
Wheathamstead,-0.291,51.8112
Marshalswick (St Albans),-0.306,51.7631
Harpenden,-0.3557,51.816
Welwyn,-0.2133,51.8293
Welwyn Garden City (Performing Arts Library),-0.1996,51.8048
Woodhall,-0.1906,51.7911
Welwyn Garden City (Central),-0.2077,51.8056
Brookmans Park,-0.2019,51.7223
Small Heath Library,-1.855,52.4729
Sparkhill Library,-1.8645,52.4496
Balsall Heath Library,-1.8855,52.4589
Library of Birmingham,-1.9075,52.4801
Yardley Wood Library,-1.8592,52.4186
Druids Heath Library,-1.8894,52.4075
Kings Heath Library,-1.893,52.4376
Harborne Library,-1.9515,52.4584
Spring Hill Library,-1.9199,52.4854
Handsworth Library,-1.9293,52.5025
Erdington Library,-1.8363,52.526
South Yardley Library,-1.8166,52.4601
Sheldon Library,-1.783,52.4619
Acocks Green Library,-1.8242,52.445
Hall Green Library,-1.8466,52.434
Weoley Castle Library,-1.968,52.439
Selly Oak Library,-1.9359,52.4441
Stirchley Library,-1.9235,52.4289
Kings Norton Library,-1.9281,52.4098
Northfield Library,-1.9674,52.415
West Heath Library,-1.96,52.4005
Quinton Library,-1.9872,52.4603
Bartley Green Library,-1.9985,52.4361
Kents Moat Library,-1.7885,52.4763
Glebe Farm Library,-1.7946,52.4905
Shard End Library,-1.7769,52.4953
Castle Vale Library,-1.7842,52.5214
Castle Bromwich,-1.7626,52.5043
Elmwood Place,-1.7493,52.5032
Chelmsley Wood,-1.7406,52.4795
Kingshurst,-1.7497,52.4937
Marston Green,-1.7467,52.466
Tower Hill Library,-1.9201,52.5336
Hamstead Library,-1.9396,52.535
Great Barr Library,-1.9335,52.5467
Pheasey Library,-1.9048,52.5568
Perry Common Library,-1.8793,52.5342
Kingstanding Library,-1.8853,52.552
Frankley Library,-2.0167,52.4049
Rubery Library,-2.0225,52.3926
Water Orton Community Library,-1.7418,52.5171
Coleshill Library and One Stop Shop,-1.7068,52.497
Wythall Library,-1.8792,52.3907
Alvechurch Library,-1.9625,52.355
Alcester Library and One Stop Shop,-1.8732,52.2144
Bidford Community Library,-1.8594,52.168
Bromsgrove Library,-2.0569,52.3356
Catshill Community Library,-2.0611,52.3612
Long Lane,-2.031,52.4678
Cradley,-2.0861,52.4612
Halesowen,-2.052,52.4488
Cradley Heath Library,-2.076,52.4749
Valley Road express,-2.0708,52.4667
Blackheath Library,-2.0512,52.4767
Smethwick Library,-1.9726,52.4964
Galton valley express,-1.974,52.4998
Birchfield Library,-1.9017,52.509
Aston Library,-1.8913,52.5046
Thimblemill Library,-1.9766,52.4816
Brandhall Library,-2.0056,52.4685
Langley Library,-2.0097,52.4874
Bleakhouse Library,-1.9983,52.4751
Rounds Green Library,-2.0341,52.4938
Oakham Library,-2.0447,52.5068
Oldbury Library,-2.0162,52.5036
Hill Top Library,-2.0117,52.5395
Beeches express,-1.9842,52.5167
Central Library (West Bromwich),-1.9976,52.5204
Stone Cross Library,-1.986,52.5442
Bright Futures express,-2.0064,52.5365
Sutton Coldfield Library,-1.8231,52.5627
Boldmere Library,-1.8406,52.5471
Streetly Library,-1.8917,52.5801
Bloomsbury Library,-1.8715,52.4924
Mere Green Library,-1.825,52.5875
Walmley Library,-1.8007,52.5411
Glascote Library,-1.6638,52.622
Wilnecote Library,-1.6655,52.6052
Polesworth Library and Information Centre,-1.6147,52.6191
Dordon Community Library,-1.6153,52.605
Tamworth Library,-1.6963,52.6349
Studley Community Library,-1.8964,52.2728
Ward End Library,-1.8353,52.4948
Dickens Heath,-1.8348,52.3866
Shirley,-1.8289,52.4131
"The Core, Library",-1.78,52.4117
Hampton in Arden,-1.7011,52.4255
Olton,-1.8057,52.438
Hobs Moat,-1.7858,52.4441
Knowle,-1.7354,52.39
Henley Community Library,-1.7796,52.2928
Woodrow Library,-1.9155,52.2873
Redditch Library,-1.9402,52.3064
Bruton,-2.4529,51.1127
Frome,-2.3201,51.2336
Mere,-2.2708,51.09
Warminster,-2.1803,51.2052
Westbury,-2.1838,51.2618
Trowbridge,-2.2105,51.3171
Weston,-2.3901,51.396
Bradford on Avon,-2.2504,51.3463
Bath Central,-2.359,51.3835
Street,-2.7386,51.1262
Larkhall Community Library,-2.3464,51.3977
Yeovil,-2.6333,50.9409
Sunningdale,-2.6185,50.9532
Southside Community Library,-2.4042,51.3755
Moorland Road,-2.3794,51.3775
Combe Hay Community Library,-2.3834,51.3379
Midsomer Norton,-2.4815,51.2859
Radstock,-2.448,51.2913
Shepton Mallet,-2.5465,51.1907
Wells,-2.6481,51.209
Glastonbury,-2.7155,51.1488
Castle Cary,-2.5141,51.0898
Wincanton,-2.4096,51.0577
Burnley Campus,-2.238,53.8064
Briercliffe,-2.2006,53.8125
Pike Hill,-2.2116,53.7876
Burnley,-2.2416,53.7878
Coal Clough,-2.2583,53.7845
Rosegrove,-2.2814,53.7896
Read,-2.3534,53.8063
Padiham,-2.3165,53.803
Rishton,-2.4142,53.7684
Barnoldswick,-2.1856,53.9166
Earby,-2.1398,53.9172
Blackburn,-2.485,53.7497
Roman Road,-2.4722,53.7284
Mill Hill,-2.5028,53.7341
Livesey,-2.5259,53.7293
Mellor,-2.5278,53.7724
Darwen,-2.4662,53.6967
Haslingden,-2.3253,53.7058
Rawtenstall,-2.2886,53.7006
Crawshawbooth,-2.2848,53.7251
Accrington,-2.3663,53.7525
Oswaldtwistle,-2.4002,53.7416
Clayton-le-Moors,-2.3841,53.7752
Great Harwood,-2.4035,53.786
Clitheroe,-2.3902,53.8735
Chatburn,-2.3519,53.8935
Whalley,-2.4116,53.8229
Colne,-2.166,53.8576
Trawden,-2.135,53.8452
Brierfield,-2.234,53.8242
Nelson,-2.2164,53.8375
Barrowford,-2.2177,53.8492
Idle,-1.7289,53.8347
Drighlington,-1.6627,53.7531
Local Studies,-1.7551,53.7905
City Library,-1.7551,53.7931
Wyke,-1.7714,53.7425
Queensbury,-1.8424,53.7687
Thornton,-1.8461,53.7908
Denholme,-1.8942,53.8024
Clayton,-1.8198,53.7833
Wilsden,-1.8619,53.822
CafÂŽ West Allerton,-1.8203,53.801
Bingley,-1.8372,53.8473
Baildon,-1.7641,53.8532
Wrose,-1.7559,53.829
Shipley,-1.7788,53.8328
Cleckheaton Library,-1.7222,53.726
Silsden,-1.9378,53.9125
Crosshills library,-1.9929,53.9009
Keighley,-1.9109,53.8686
Haworth,-1.9592,53.8321
Lees,-1.9349,53.8353
Oxenhope,-1.9525,53.8116
Skipton library,-2.017,53.9621
Gargrave and Malhamdale community library,-2.1057,53.9838
Grassington hub and community library,-1.9965,54.0727
Embsay-with-Eastby community library,-1.9862,53.9805
Settle library,-2.2754,54.0649
Eccleshill,-1.7307,53.8171
St Augustine's,-1.7416,53.8024
Thornbury,-1.7155,53.7998
Laisterdyke,-1.7207,53.7933
Bolling Hall,-1.739,53.7798
Holme Wood,-1.7105,53.7779
Wibsey,-1.7771,53.7662
Great Horton,-1.7856,53.7781
Manningham,-1.7719,53.8057
Haworth Road,-1.8126,53.8154
Ensbury Park,-1.8871,50.7519
West Howe Library,-1.9098,50.7581
Kinson Hub,-1.9018,50.7692
Bearwood community library,-1.9321,50.7682
Bearwood primary school community library,-1.9371,50.7705
Rossmore Library,-1.9353,50.7423
Talbot Community Library,-1.9085,50.7441
Canford Cliffs Library,-1.916,50.7053
Parkstone Library,-1.9544,50.7219
Branksome Library,-1.9313,50.7285
Poole Central Library,-1.9797,50.7187
Oakdale Library,-1.9784,50.7341
Hamworthy Library,-2.0022,50.714
Upton,-2.0287,50.7388
Lytchett Matravers,-2.0782,50.7579
Upton Country Park Community Library,-2.0111,50.7365
Creekmoor Library,-2.004,50.7418
Canford Heath Library,-1.9644,50.7418
Broadstone Library,-1.9939,50.7607
Swanage,-1.9574,50.6085
Wareham,-2.1094,50.6852
Corfe Castle,-2.0541,50.6364
Wool,-2.2278,50.6778
Wimborne,-1.9865,50.7992
Colehill,-1.951,50.8078
Corfe Mullen,-2.0168,50.7753
West Moors,-1.8891,50.827
Ferndown,-1.8914,50.8018
Christchurch,-1.7776,50.7345
Highcliffe,-1.6977,50.7431
Ringwood,-1.7888,50.8445
New Milton,-1.6592,50.7523
Bournemouth Library,-1.8847,50.7207
Verwood,-1.8794,50.8807
Westbourne Library,-1.9029,50.7202
Boscombe Library,-1.8366,50.7268
Pokesdown & Southbourne Library,-1.8208,50.7288
Tuckton Library,-1.7867,50.7278
Springbourne Library,-1.8527,50.732
Charminster Library,-1.86,50.7457
Castlepoint Library,-1.8443,50.7513
Winton Library,-1.8783,50.7462
Ramsbottom Library and Adult Learning Centre,-2.3194,53.6491
Bolton Central Library,-2.4313,53.5774
Halliwell UCAN neighbourhood collection,-2.4495,53.5878
Heaton neighbourhood collection,-2.4647,53.5849
Oldhams neighbourhood collection,-2.4382,53.6053
Tonge UCAN neighbourhood collection,-2.4121,53.5919
Harwood Library,-2.3969,53.6045
Ainsworth Library,-2.3573,53.5879
Breightmet Library,-2.3843,53.5824
Little Lever Library,-2.3691,53.5615
High Street Library,-2.4391,53.5672
Highfield neighbourhood collection (The Orchards),-2.4237,53.545
Farnworth Library,-2.3968,53.5514
Westhoughton Library,-2.5205,53.549
Blackrod Library,-2.5855,53.5943
Horwich Library,-2.5492,53.6019
Bromley Cross Library,-2.4179,53.6166
Brandlesholme Community Centre and Library,-2.3136,53.6087
Tottington Library,-2.3405,53.6134
Bury Library,-2.2991,53.5915
Castle Leisure Centre Library,-2.3013,53.593
Moorside Community Centre and Library,-2.2951,53.6072
Topping Fold Community Centre and Library,-2.2689,53.5968
Unsworth Library,-2.2843,53.562
Peacehaven Library,0.0011,50.7957
Worthing Library,-0.3724,50.8142
Jubilee Library,-0.1389,50.8248
Goring Library,-0.4236,50.8134
Ferring Library,-0.4479,50.8138
Durrington Library,-0.4058,50.8353
Findon Valley Library,-0.3961,50.8471
Broadwater Library,-0.3648,50.827
Lancing Library,-0.3239,50.8285
Westdene Library,-0.1618,50.86
East Preston Library,-0.4819,50.8111
Rustington Library,-0.5073,50.809
Angmering Library,-0.4858,50.8292
Littlehampton Library,-0.538,50.808
Arundel Library,-0.5599,50.8528
Hollingbury Library,-0.1299,50.8605
Patcham Library,-0.1447,50.864
Coldean Library,-0.113,50.8639
Willingdon Library,0.2475,50.8082
Eastbourne Library,0.2793,50.7687
Hampden Park Library,0.2777,50.7976
Langney Library,0.3039,50.8033
Pevensey Bay Library,0.351,50.813
Moulsecoomb Library,-0.1107,50.8495
Seaford Library,0.1029,50.7734
Whitehawk Library,-0.1074,50.8254
Polegate Library,0.2455,50.8248
Woodingdean Library,-0.0797,50.8359
Hailsham Library,0.255,50.8625
Rottingdean Library,-0.0587,50.8063
Saltdean Library,-0.042,50.8018
Hove Library,-0.1771,50.8284
Hangleton Library,-0.1954,50.845
Portslade Library,-0.2102,50.8381
Mile Oak Library,-0.2258,50.8506
Southwick Library,-0.2361,50.8357
Shoreham-by-Sea Library,-0.2733,50.8333
Steyning Library,-0.3273,50.8888
Henfield Library,-0.2725,50.9316
Hassocks Library,-0.1336,50.923
Hurstpierpoint Library,-0.1745,50.9339
Lewes Library,0.0135,50.8729
Ringmer Library,0.0559,50.893
Newhaven Library,0.0486,50.7941
Bromley Central Library,0.0144,51.4038
Burnt Ash Library,0.0211,51.4205
Downham Library,0.0098,51.4271
Shortlands Library,-0.0058,51.4003
Hayes Library,0.0173,51.3781
Southborough Library,0.0452,51.3903
Beckenham Library,-0.037,51.4086
West Wickham Library,-0.01,51.3751
Petts Wood Library,0.0692,51.3895
St Pauls Cray Library,0.0997,51.405
Orpington Library,0.1016,51.3769
Chislehurst Library,0.0627,51.4212
Swanley Library,0.1685,51.3949
Southmead,-2.6029,51.5033
Henbury,-2.6205,51.5094
Lawrence Weston,-2.6587,51.5014
Avonmouth,-2.6987,51.5004
Shirehampton,-2.6759,51.4873
Hartcliffe,-2.5982,51.4049
Bishopsworth,-2.6165,51.4207
Whitchurch,-2.5715,51.4141
Stockwood,-2.5473,51.4124
Hanham,-2.5151,51.4485
Kingswood,-2.4995,51.4619
Bristol Central,-2.6024,51.4515
Fishponds,-2.5331,51.4776
Hillfields,-2.5171,51.4749
Staple Hill,-2.5034,51.4813
Downend,-2.5006,51.488
Emersons Green,-2.4776,51.4957
Pill,-2.6851,51.4805
Portishead,-2.7668,51.4859
Clevedon,-2.8549,51.4358
Worle,-2.927,51.3613
Weston-super-Mare,-2.9775,51.3455
For all Healthy Living Centre,-2.9651,51.3313
Campus,-2.9148,51.3526
Winscombe,-2.8326,51.3139
Cheddar,-2.7758,51.2755
St Pauls,-2.5929,51.4606
Cadbury Heath,-2.484,51.4461
Keynsham,-2.497,51.4141
Saltford,-2.4593,51.4021
Bradley Stoke,-2.5457,51.5362
Patchway,-2.5762,51.5314
Filton,-2.5741,51.509
Bedminster,-2.5934,51.4444
Thornbury,-2.5247,51.6075
Marksbury Road,-2.6021,51.4336
Winterbourne,-2.5061,51.5223
Yate,-2.4142,51.5405
Chipping Sodbury,-2.3951,51.5379
Paulton (The Hub),-2.5017,51.3067
Chew Stoke Community Library,-2.6327,51.3529
Long Ashton,-2.6671,51.4283
Filwood,-2.586,51.4248
Knowle,-2.568,51.4344
Wick Road,-2.5516,51.4385
Nailsea,-2.7596,51.4335
Yatton,-2.8182,51.3861
Congresbury,-2.814,51.3714
Junction 3,-2.568,51.4644
St George,-2.5452,51.4601
Cheltenham Road,-2.5927,51.4683
Horfield,-2.5738,51.4951
Lockleaze Library,-2.5619,51.4901
Redland,-2.6108,51.4655
Clifton,-2.6204,51.4544
Sea Mills,-2.6482,51.4917
Westbury,-2.6221,51.4918
Henleaze,-2.6123,51.4816
Lazonby Co-op (Library Link),-2.7042,54.7498
Shap Library,-2.6767,54.5289
Tebay Book Drop,-2.5928,54.4333
Penrith Library,-2.7515,54.6644
Keswick Library,-3.1402,54.6015
Cockermouth Library,-3.366,54.6639
Petteril Bank House (Library Link),-2.9103,54.875
Harraby (Library Link),-2.8953,54.8804
Seaton Library,-3.5259,54.6618
Workington Library,-3.5493,54.6428
Moorclose Library,-3.5516,54.6279
Distington (Library Link),-3.5407,54.5975
Maryport Library,-3.4945,54.7139
Bolton Book Drop,-2.5653,54.6056
Appleby Library,-2.4924,54.5777
Kirkby Stephen (Local Link),-2.3479,54.4742
Gosforth Village (Library Link),-3.4375,54.4186
Seascale Library,-3.4799,54.397
Egremont Library,-3.5293,54.4844
Ennerdale Book Drop,-3.4387,54.5289
Upperby,-2.9228,54.8742
Cleator Moor (Local Link),-3.5164,54.5212
Denton Holme Library,-2.9413,54.8868
Frizington Library,-3.4904,54.5445
Morton Library Link,-2.9639,54.8858
St Bees Book Drop,-3.5893,54.4901
Carlisle West (Library Link),-2.9673,54.89
Whitehaven Archive and Local Studies Centre,-3.5857,54.5478
Whitehaven Library,-3.5857,54.5464
Mirehouse Library,-3.5714,54.5259
Hensingham Library,-3.5625,54.537
Kells Library,-3.5965,54.535
Carlisle Library,-2.9341,54.8953
Burgh by Sands Book Drop,-3.0507,54.9244
Thursby Book Drop,-3.0543,54.8417
Nicholforest Book Drop,-2.8646,55.0858
Longtown (Local Link),-2.967,55.0103
Aspatria (Local Link),-3.3342,54.7638
Silloth Library,-3.3853,54.8721
Wigton Library,-3.1604,54.8241
Brampton Library,-2.735,54.9423
Hallbankgate (Library link),-2.6555,54.9296
Alston (Local Link),-2.4407,54.8123
Saffron Walden library,0.2399,52.0235
Rock Road Library,0.142,52.1869
Cherry Hinton Library,0.173,52.1857
Linton Library,0.2821,52.0976
Fulbourn Library Access Point,0.2217,52.1836
Sawston Library,0.1637,52.1265
Great Shelford,0.135,52.1466
Papworth Library,-0.1186,52.2511
"Cambourne Library
",-0.066,52.2188
Comberton Library,0.0104,52.1847
Bar Hill Library,0.0216,52.2532
"Central Library, Cambridge",0.1205,52.2046
Swavesey Library Access Point,-0.0055,52.2949
Willingham Library,0.0613,52.3146
Cottenham Library,0.1276,52.289
Histon Library,0.1047,52.2532
Burwell Library,0.3263,52.2778
Bottisham Library Access Point,0.2544,52.2257
Waterbeach Library Access Point,0.1905,52.2694
Milton Road Library,0.1277,52.2185
Arbury Court Library,0.1278,52.2247
Barnwell Road Library,0.1634,52.2112
Littleport Library,0.309,52.4566
Little Downham Library Access Point,0.2408,52.433
Haddenham Library Access Point,0.1497,52.3612
Ely Library,0.2667,52.3998
Soham Library,0.3345,52.3323
Newmarket,0.4056,52.2448
Kedington,0.4879,52.0899
Haverhill,0.4366,52.0832
Chester Library,-2.8928,53.1922
Blacon Library,-2.9328,53.202
Upton Library,-2.8812,53.21
Hoole Library,-2.8744,53.1988
Elton Library,-2.8193,53.2706
Great Boughton Library,-2.8545,53.1965
Bishops' High Library,-2.8644,53.1843
Tarvin Library,-2.7687,53.1944
Tattenhall Library,-2.7852,53.1345
Birkenhead Central,-3.0317,53.386
St James,-3.0573,53.4015
Rock Ferry,-3.015,53.3756
Prenton,-3.0563,53.3675
Beechwood,-3.083,53.3951
Ridgeway,-3.073,53.3801
Seacombe,-3.0268,53.413
Wallasey Village,-3.0622,53.4223
Wallasey Central,-3.0433,53.4286
Leasowe,-3.0935,53.4154
Moreton,-3.112,53.4032
Hoylake,-3.1745,53.3952
West Kirby,-3.1824,53.3736
Lache Library,-2.9114,53.1769
Upton,-3.0888,53.3848
Greasby,-3.1214,53.3776
Woodchurch,-3.0823,53.3769
Heswall,-3.0984,53.3277
Irby,-3.1212,53.3531
Pensby,-3.0945,53.3449
New Ferry,-3.0006,53.3611
Bromborough,-2.9788,53.3308
Eastham,-2.9671,53.3115
Higher Bebington,-3.0206,53.3539
Bebington Central,-3.0043,53.3499
Willaston Library,-3.008,53.2927
Neston Library,-3.0685,53.2903
Ellesmere Port Library,-2.9019,53.2764
Little Sutton Library,-2.9476,53.2872
Hope Farm Library,-2.9207,53.2658
Southminster library,0.8295,51.6648
Burnham-on-Crouch library,0.8145,51.6282
Chelmsford library,0.4696,51.735
Billericay library,0.4156,51.6229
Writtle library,0.4264,51.7301
Brentwood library,0.3031,51.619
North Melbourne library,0.4455,51.7547
Shenfield library,0.3268,51.6298
Epping library,0.1096,51.6994
North Weald library,0.172,51.718
Springfield library,0.4976,51.7511
Old Harlow library,0.134,51.7834
Broomfield library,0.4735,51.7623
Tye Green library,0.1135,51.7587
Great Parndon library,0.0932,51.753
Harlow library,0.0946,51.7687
Mark Hall library,0.1148,51.7751
Sawbridgeworth,0.1554,51.8135
Bishops Stortford,0.1627,51.87
Stansted library,0.1946,51.9034
Great Baddow library,0.5011,51.7158
Galleywood library,0.4705,51.7004
Hatfield Peverel library,0.5932,51.7754
Danbury library,0.5786,51.7173
South Woodham Ferrers library,0.62,51.6459
Stock library,0.4424,51.6648
Ingatestone library,0.3819,51.6686
Chipping Ongar library,0.2454,51.7064
Dunmow library,0.3644,51.8715
Thaxted library,0.3423,51.9547
Braintree library,0.5536,51.8777
Witham library,0.6413,51.8012
Wickham Bishops library,0.674,51.7769
Silver End library,0.622,51.8476
Maldon library,0.6779,51.7308
Great Cornard,0.752,52.0243
Sudbury,0.7304,52.0381
Glemsford,0.6656,52.1001
Clare,0.5803,52.0785
Long Melford,0.7162,52.0759
Lavenham,0.7944,52.1067
Manningtree library,1.0634,51.9454
Colchester library,0.8997,51.8885
Harwich library,1.2816,51.9364
Frinton library,1.2446,51.8305
Walton library,1.2715,51.8491
Clacton library,1.1544,51.7922
Jaywick library,1.1197,51.7803
Holland library,1.1897,51.8053
West Clacton library,1.1199,51.7923
Stanway library,0.8378,51.8855
Prettygate library,0.8648,51.8799
Greenstead library,0.9369,51.8914
Tiptree library,0.7473,51.8111
West Mersea library,0.9111,51.7767
Kelvedon library,0.6977,51.8325
Coggeshall library,0.685,51.8729
Earls Colne library,0.6988,51.9279
Brightlingsea library,1.0257,51.81
Wivenhoe library,0.9593,51.8576
Halstead library,0.6345,51.9435
Sible Hedingham library,0.5899,51.9805
New Addington,-0.0141,51.341
Broad Green,-0.1172,51.3854
Shirley,-0.0449,51.3751
Sanderstead,-0.0835,51.3408
Selsdon,-0.0633,51.3423
Caterham Hill,-0.0967,51.288
Caterham Valley,-0.0802,51.2833
Pollards Hill Library,-0.1311,51.4
Mitcham Library,-0.1625,51.4086
Bradmore Green,-0.1266,51.3085
Coulsdon,-0.1387,51.32
Warlingham,-0.0581,51.3101
Thornton Heath,-0.1042,51.3974
Purley,-0.1187,51.3391
Croydon central library,-0.0995,51.3719
Ashburton,-0.0633,51.3829
Broadstairs Library,1.4325,51.3606
Ramsgate Library,1.4155,51.3342
Minster-in-Thanet Library,1.3133,51.3346
Newington Library,1.3925,51.3502
Canterbury Library,1.0794,51.2797
Sandwich Library,1.3398,51.2753
Deal Library,1.4035,51.223
St. Margaret's-at-Cliffe Library,1.3801,51.1606
Dover Library,1.3123,51.1248
Lyminge Library,1.0923,51.1274
Cheriton Library,1.1424,51.0883
Wood Avenue Library,1.1847,51.0893
Folkestone Library,1.181,51.0818
Sandgate Library,1.149,51.074
Sturry Library,1.1226,51.2994
Hythe Library,1.0827,51.0694
Ash Library,1.2805,51.2799
Aylesham Library,1.2094,51.2257
Swalecliffe Library,1.066,51.3608
Herne Bay Library,1.1272,51.3712
Birchington Library,1.3054,51.3773
Westgate Library,1.3392,51.3783
Margate Library,1.3822,51.3875
Cliftonville Library,1.418,51.3842
Hartshill Community Library,-1.5193,52.5429
Stockingford Library and Information Centre,-1.5049,52.5194
Camp Hill Library,-1.5071,52.5331
Nuneaton Library and Information Centre,-1.464,52.5222
Coventry Central Library,-1.5132,52.4091
Bedworth Library and Information Centre,-1.4718,52.4789
Bulkington Community Library,-1.4231,52.4765
Market Bosworth,-1.4111,52.625
Hillifields,-1.501,52.4128
Rugby Library and Information Centre,-1.2645,52.3717
Bell Green,-1.473,52.4366
Dunchurch Community Library,-1.2923,52.3374
Stoke,-1.4873,52.4096
Caludon,-1.4536,52.4147
Whitnash Library and One Stop Shop,-1.5294,52.2682
Aldermoor,-1.4752,52.3984
Leamington Spa Library and Information Centre,-1.5344,52.2871
Lillington Library and One Stop Shop,-1.5172,52.3025
Harbury Community Library,-1.4554,52.2367
Willenhall,-1.4631,52.389
Warwick Library and Information Centre,-1.5897,52.2827
Kineton Community Library,-1.5084,52.1565
Wellesbourne Library and Information Centre,-1.5901,52.1953
Cheylesmore,-1.5036,52.389
Shipston on Stour Library and One Stop Shop,-1.6235,52.0632
Finham,-1.5174,52.373
Stratford upon Avon Library and Information Centre,-1.7075,52.1936
Southam Library and One Stop Shop,-1.3883,52.2536
Canley,-1.5594,52.3946
Tile Hill,-1.5793,52.4072
Earlsdon,-1.531,52.401
Allesley Park,-1.5553,52.413
Coundon,-1.5249,52.42
Jubilee Crescent,-1.5177,52.4316
Foleshill,-1.4948,52.4268
Arena Park,-1.4925,52.4444
Balsall Common,-1.6507,52.3933
Meriden,-1.6486,52.4377
Keresley Community Library,-1.5328,52.4541
Kenilworth Library and One Stop Shop,-1.5807,52.3432
Wolston Library and Information Centre,-1.3978,52.3753
Atherstone Library and Information Centre,-1.5503,52.5785
Baddesley Community Library,-1.6004,52.5806
Middlewich Library,-2.4429,53.1899
Sandbach Library,-2.3608,53.1451
Congleton Library,-2.2115,53.1631
Crewe Library,-2.4393,53.0965
Holmes Chapel Library,-2.3562,53.201
Nantwich Library,-2.5188,53.0689
Tarporley Library,-2.6658,53.1545
Winsford Library,-2.5287,53.1925
Wharton Library,-2.5035,53.196
Sandiway Library,-2.5998,53.2344
Weaverham Library,-2.5747,53.26
Barnton Library,-2.549,53.2746
Northwich Library,-2.5097,53.2624
Swan Valley Library,0.3133,51.4422
Dashwood Library,0.3605,51.4304
Coldharbour Library,0.3479,51.431
"Hive House Library, Northfleet",0.3286,51.4462
Dartford Library,0.2199,51.4437
Gravesend Library,0.3698,51.4421
Riverview Park Library,0.3938,51.4183
King's Farm Library,0.3767,51.4266
Marling Cross Library,0.3839,51.4118
Meopham Library,0.3597,51.3689
Vigo Library,0.3594,51.3303
Ashen Drive Library,0.1912,51.4444
Sidcup Library,0.105,51.4258
Crayford Library,0.1805,51.4502
Blackfen Community Library,0.1043,51.4503
Temple Hill Library,0.2277,51.4509
Welling Library,0.1068,51.4624
Upper Belvedere Community Library,0.1458,51.4838
Fleetdown Library,0.2455,51.436
Longfield Library,0.2995,51.3993
Hartley Library,0.3058,51.3837
New Ash Green Library,0.3052,51.3669
Sutton-at-Hone Library,0.2373,51.4089
Bexley Community Library,0.1514,51.4439
Summerhouse Drive Library,0.1668,51.4266
Central Library,0.1437,51.456
Bostall Community Library,0.1312,51.4763
North Heath Community Library,0.1606,51.4731
Erith Library,0.1814,51.4794
Slade Green Community Library,0.1909,51.4731
Greenhithe Library,0.2893,51.4503
Swadlincote,-1.5608,52.7733
Woodville,-1.5335,52.7703
Derby Central,-1.4797,52.9227
Measham,-1.5092,52.7048
Barton Under Needwood Library,-1.722,52.7656
Local Studies and Family History Library,-1.4764,52.9243
Burton Library,-1.6276,52.803
Springwood (in the Springwood sports centre),-1.4321,52.9436
Derwent community library (located in the Revive Healthy Living Centre),-1.4483,52.9306
Phillip Whitehead Memorial Library,-1.4348,52.9273
Spondon,-1.4045,52.9205
Allestree,-1.4958,52.9441
Mackworth,-1.5182,52.9283
Blagreaves,-1.5003,52.8887
Pear Tree,-1.4753,52.9052
Sinfin,-1.4939,52.8771
Alvaston,-1.43,52.8971
Allenton,-1.4494,52.8891
Mickleover,-1.5456,52.9049
Matlock,-1.5499,53.1385
Wirksworth,-1.5731,53.0826
Bakewell,-1.6741,53.2126
Ripley,-1.4058,53.0504
South Normanton,-1.3428,53.1048
Somercotes,-1.3679,53.0782
Alfreton,-1.3882,53.0967
Belper,-1.4857,53.0263
Duffield,-1.4906,52.9852
Ashbourne,-1.7315,53.0147
Etwall,-1.6025,52.8813
Borrowash,-1.3811,52.908
Chellaston,-1.437,52.8684
Melbourne,-1.4295,52.8222
Kegworth,-1.2871,52.8373
Castle Donington,-1.3392,52.8403
Heanor,-1.356,53.0133
Ilkeston,-1.3091,52.9701
Durham Clayport Library,-1.5747,54.778
Belmont Library,-1.5249,54.7863
Newton Hall Library,-1.5771,54.7998
Pelton Library,-1.6033,54.8732
Birtley Library,-1.5772,54.8968
Chester-le-Street Library,-1.574,54.8552
Houghton,-1.4722,54.8444
Shiney Row,-1.4987,54.8664
Hetton Centre,-1.4555,54.8215
Thornley Library,-1.4352,54.7496
Bowburn Library,-1.5245,54.7339
Lanchester Library,-1.7458,54.8227
Sacriston Library,-1.6255,54.8205
Brandon Library,-1.6306,54.751
Esh Winning Library,-1.7102,54.7673
Langley Park Library,-1.6709,54.7986
Consett Library,-1.8325,54.8533
Stanley Library,-1.7025,54.8686
South Moor Library,-1.7017,54.8626
Annfield Plain Library,-1.7427,54.8623
Richmond library,-1.7365,54.4049
Darlington central,-1.5525,54.5261
Barnard Castle Library,-1.9224,54.5435
Wolsingham Library,-1.8834,54.7297
Woodhouse Close Library,-1.6809,54.6503
Bishop Auckland Library,-1.6726,54.666
Coundon Library,-1.6272,54.6618
Willington Library,-1.6938,54.7111
Crook Library and Customer Access Point (CAP),-1.7456,54.7154
Spennymoor Library,-1.5994,54.7002
Chilton Library,-1.5589,54.6599
Ferryhill Library,-1.5538,54.6901
Cornforth Library,-1.52,54.7028
Cockerton,-1.5787,54.5335
Shildon Library,-1.6478,54.6336
Newton Aycliffe Library,-1.5736,54.6193
Northallerton library,-1.433,54.3364
Shotton Library,-1.3643,54.4254
Bedale library,-1.5941,54.2903
Hawes library,-2.1983,54.3043
Leyburn library,-1.8323,54.3116
Catterick library,-1.7267,54.3765
Colburn library,-1.6872,54.3795
Misterton,-0.8466,53.4434
Bawtry Community Library,-1.0214,53.4319
Rossington Community Library,-1.0751,53.4759
Bircotes,-1.0553,53.4168
Tickhill Library,-1.1095,53.4313
Edlington Library,-1.1926,53.4813
Conisbrough Community Library,-1.2333,53.4819
Denaby Community Library,-1.2458,53.4907
Doncaster Central Library,-1.1321,53.5205
Goole,-0.8691,53.7039
Howden,-0.866,53.7459
Snaith,-1.0292,53.6917
North Lincolnshire Central Library (Scunthorpe),-0.6434,53.5924
Park Library,-0.668,53.5972
Winterton Library,-0.5957,53.6555
Ashby Library and Local Link,-0.6521,53.5671
Bottesford Library,-0.6519,53.5584
Riddings Library,-0.665,53.5606
Messingham Library,-0.6522,53.5299
Crowle Library,-0.8328,53.6064
Barton-upon-Humber Library,-0.4433,53.6846
Goxhill Library,-0.3349,53.6769
Broughton Jubilee Library,-0.5529,53.5654
Brigg Library,-0.4933,53.5517
Gainsborough,-0.7779,53.4001
Scotter Library and Community Hub,-0.6649,53.4957
Kirton in Lindsey Library,-0.5892,53.4778
Retford,-0.9423,53.3243
Wheatley Community Library,-1.103,53.54
Intake Community Library,-1.0971,53.5307
Grimsby Central Library,-0.0836,53.5654
Grant Thorold Library,-0.0637,53.5644
Edenthorpe Community Library,-1.069,53.5561
Centre4 Community Library Nunsthorpe,-0.1082,53.5476
Scartho Library,-0.0885,53.5375
Armthorpe Community Library,-1.0606,53.5363
Cleethorpes Library,-0.0268,53.5587
Humberston Library,-0.0232,53.5291
Waltham Library,-0.1022,53.5163
Laceby Library,-0.172,53.5432
Immingham Library,-0.2125,53.6158
Balby Community Library,-1.1513,53.5068
Keelby Community Hub,-0.2456,53.5738
Cantley Community Library,-1.0762,53.5069
Bessacarr Community Library,-1.087,53.5008
Warmsworth Community Library,-1.182,53.494
Bentley Area Community Library,-1.1473,53.5461
Sprotbrough Community Library,-1.1565,53.526
Scawthorpe Community Library,-1.1651,53.5439
Askern Community Library,-1.1502,53.6162
Woodlands Community Library and Hub,-1.1935,53.5656
Stainforth4ALL incorporating Stainforth Library,-1.0299,53.5935
Hatfield Community Library,-0.9974,53.5778
Thorne Library,-0.9659,53.6134
Moorends Community Library,-0.951,53.6283
Epworth Library,-0.8215,53.5244
Haxey Library,-0.8393,53.4891
Sturminster Newton,-2.306,50.9273
Stalbridge,-2.3771,50.9599
Blandford,-2.1633,50.8566
Dorchester,-2.4365,50.7131
Puddletown,-2.3449,50.7474
Crossways,-2.3274,50.6947
Chickerell,-2.5009,50.6244
Littlemoor,-2.4553,50.6488
Weymouth,-2.4551,50.6114
Wyke Regis,-2.4751,50.5946
Portland Tophill,-2.4346,50.5449
Bridport,-2.7579,50.7319
Burton Bradstock,-2.7264,50.7038
Charmouth,-2.9039,50.7387
Lyme Regis,-2.9373,50.7256
Beaminster,-2.7385,50.8099
Sherborne,-2.5141,50.9485
Milborne Port,-2.4605,50.9666
Kidderminster Library,-2.2483,52.3862
Dudley,-2.0852,52.5117
Bewdley Library,-2.3156,52.3764
Stourport-on-Severn Library,-2.2776,52.3439
Cleobury Mortimer,-2.4834,52.3802
Dudley Wood Library Link,-2.0853,52.4788
Woodside Library Link,-2.1065,52.4964
Netherton,-2.0824,52.4909
Gornal,-2.1307,52.5173
Sedgley,-2.1226,52.5396
Glebefields Library,-2.0571,52.5407
Great Bridge Library,-2.0316,52.5275
Tipton Library,-2.0675,52.529
Quarry Bank Library Link,-2.1021,52.4728
Brierley Hill,-2.121,52.4823
Pensnett Library Link,-2.1311,52.5007
Kingswinford,-2.167,52.4952
Kinver Library,-2.2302,52.4476
Stourbridge,-2.148,52.457
Wordsley,-2.1647,52.4806
Hagley Library,-2.1434,52.4209
Lye,-2.1148,52.4563
Leyton Library,-0.0071,51.5583
Lea Bridge Library,-0.0242,51.5705
Leytonstone Library,0.0091,51.5682
Wanstead Library,0.0238,51.5764
Harrow Green Community Library,0.0064,51.5581
Idea Store Whitechapel,-0.0577,51.52
Manor Park Library,0.0454,51.5501
Aldersbrook Library,0.033,51.564
Idea Store Watney Market,-0.0573,51.5143
Green Street Library,0.035,51.5368
Plaistow Library,0.0254,51.5302
Cubitt Town library,-0.0112,51.4959
Idea Store Canary Wharf,-0.0144,51.5051
Idea Store Chrisp Street,-0.0146,51.5117
Local History Library,-0.0424,51.5238
Stratford Library,0.0045,51.5431
North Woolwich Library,0.0626,51.5009
Custom House Library,0.0314,51.5147
Canning Town Library,0.0123,51.5179
Wood Street Library,-0.002,51.592
Higham Hill Library,-0.026,51.5983
Walthamstow Library,-0.0211,51.5845
Artizan Street,-0.0769,51.5156
South Woodford Library and Gym,0.0217,51.5974
Bethnal Green library,-0.0538,51.5264
Idea Store Bow,-0.0303,51.5327
North Chingford Library,0.0022,51.6316
South Chingford Community Library,-0.0178,51.6157
Hale End Library,0.003,51.6099
Clapton Library,-0.06,51.5627
East Ham Library,0.0589,51.5334
Beckton Library,0.0554,51.515
The Gate Library,0.0253,51.5486
Hackney Central Library,-0.0561,51.5446
Dalston CLR James Library,-0.0739,51.5457
Homerton Library,-0.0406,51.5489
Finsbury Library,-0.1046,51.5265
Guildhall,-0.0928,51.5161
City Business library,-0.0928,51.5161
Barbican,-0.0941,51.52
Shoe Lane,-0.1066,51.5154
Hoddesdon,-0.0113,51.7609
John Jackson,-0.067,51.6461
Bullsmoor,-0.0489,51.6768
Enfield Town,-0.0855,51.6521
Ponders End,-0.0473,51.6447
Enfield Highway,-0.0475,51.6589
Enfield Island Village,-0.017,51.6686
Ordnance Unity Centre,-0.0391,51.6727
East Barnet,-0.1615,51.6444
Chipping Barnet,-0.2048,51.6561
Cuffley,-0.1131,51.7082
Oakmere Library (Potters Bar),-0.1733,51.698
Goffs Oak,-0.086,51.7101
Waltham Cross,-0.0335,51.6862
Cheshunt,-0.0332,51.6999
Waltham Abbey library,-0.0002,51.6866
Sidmouth,-3.2382,50.6813
Ottery St Mary,-3.2785,50.7522
Seaton,-3.0714,50.7051
Axminster,-2.9977,50.7813
Honiton,-3.1881,50.7984
Cullompton,-3.3934,50.8544
Uffculme,-3.3249,50.9089
Tiverton,-3.4851,50.9014
Bampton,-3.4872,50.9904
Crediton,-3.6556,50.7912
Chulmleigh,-3.8699,50.9161
Okehampton,-4.0018,50.7407
Holsworthy,-4.3528,50.8108
Wainhouse Micro,-4.5779,50.7302
Bude Library and One Stop Shop,-4.4708,50.8522
Colyton,-3.0703,50.74
St Thomas,-3.5395,50.7165
Topsham,-3.4683,50.6852
Barnstaple,-4.0625,51.0813
Braunton,-4.1612,51.1108
Combe Martin,-4.0275,51.2012
Ilfracombe,-4.1205,51.2094
Lynton,-3.8344,51.229
South Molton,-3.8331,51.0181
Torrington,-4.1436,50.9514
Northam,-4.2133,51.0393
Appledore,-4.1911,51.0532
Bideford,-4.2051,51.0165
Exeter,-3.5305,50.7251
Pinhoe,-3.4721,50.7388
Clyst Vale,-3.4399,50.7585
Dawlish,-3.471,50.5808
Exmouth,-3.4113,50.6217
Budleigh Salterton,-3.3283,50.6308
Blackpool Central,-3.0531,53.8206
Revoe,-3.0449,53.8086
Moor Park,-3.0335,53.8496
Layton,-3.0334,53.8269
Boundary,-3.0177,53.8291
Palatine,-3.0426,53.797
Mereside,-2.9976,53.7994
Cleveleys,-3.0393,53.8816
Anchorsholme,-3.029,53.8696
Thornton,-3.0112,53.8724
Knott End,-2.9865,53.9281
Poulton,-2.994,53.846
Fleetwood,-3.0089,53.9251
Northfleet,-3.0309,53.9114
St Annes,-3.0267,53.7471
Ansdell,-2.9928,53.7437
Lytham,-2.9583,53.7375
Stonehouse,-2.285,51.7483
Dursley,-2.357,51.6812
Gloucester,-2.2451,51.863
Wotton-Under-Edge,-2.3496,51.6372
Berkeley Community Library,-2.46,51.6922
Newnham Community library,-2.4496,51.8039
Cinderford,-2.4966,51.8229
Lydney,-2.5337,51.7262
Bream Community Library,-2.5737,51.7511
Coleford,-2.6153,51.7915
Mitcheldean Community Library,-2.4894,51.8651
Newent,-2.4065,51.9318
Tewkesbury,-2.1554,51.9961
Longlevens,-2.212,51.8759
Quedgeley,-2.279,51.8268
Churchdown,-2.1812,51.887
Hucclecote,-2.1927,51.8569
Brockworth Community Library,-2.1578,51.8483
Tuffley,-2.2628,51.8288
Matson,-2.2151,51.8398
Cheltenham Main Library,-2.0781,51.9014
Cheltenham Local & Family History and Children's library,-2.0776,51.902
Up Hatherley,-2.1079,51.8806
Hesters Way,-2.1127,51.9018
Stroud,-2.216,51.7465
Prestbury,-2.0486,51.9149
Bishops Cleeve,-2.0595,51.9466
Charlton Kings,-2.0507,51.8821
Stow on Wold,-1.7225,51.9305
Bourton on Water,-1.7568,51.8863
Winchcombe,-1.9673,51.9547
Chipping Campden,-1.7814,52.0496
Moreton in Marsh,-1.7033,51.987
Nailsworth,-2.2192,51.6947
Painswick Community Library,-2.1943,51.7859
Minchinhampton community library,-2.1875,51.7057
Cirencester Bingham,-1.9656,51.7175
Lechlade Community Library,-1.691,51.6939
Fairford,-1.7799,51.7073
Tetbury,-2.162,51.6371
Aldershot,-0.7617,51.2496
Ash,-0.7267,51.2455
Farnborough,-0.7557,51.2899
Guildford,-0.5718,51.2367
Camberley,-0.7438,51.339
Frimley Green,-0.7263,51.3032
Lightwater,-0.6654,51.3515
Bagshot,-0.6922,51.362
Knaphill,-0.6156,51.3185
Woking,-0.559,51.3202
Old Woking Community Link,-0.5503,51.3063
Virginia Water,-0.5643,51.4014
Haslemere,-0.7285,51.0878
Petworth Library,-0.6086,50.9854
Midhurst Library,-0.7422,50.9842
Liphook,-0.8009,51.0789
Petersfield,-0.9383,51.0038
Alton,-0.9761,51.1496
Bordon,-0.858,51.1091
Yateley,-0.839,51.3382
Sandhurst,-0.7966,51.3457
Bramley,-0.5566,51.1933
Fleet,-0.8456,51.2786
Shere Diamond Jubilee Community Link,-0.4615,51.2207
Cranleigh,-0.5164,51.0961
Godalming,-0.6093,51.1877
Farnham,-0.8029,51.2137
Barham Park,-0.3112,51.5521
Ealing Road,-0.2975,51.5492
Gayton,-0.3316,51.5816
Roxeth,-0.3565,51.5626
Wealdstone,-0.335,51.5941
Kenton,-0.3101,51.5913
South Ruislip Library,-0.395,51.5574
Manor Farm Library,-0.4296,51.5784
Ruislip Manor Library,-0.4109,51.5729
Eastcote Library,-0.4004,51.58
Pinner,-0.3791,51.5902
Northwood Hills Library,-0.4083,51.6028
Northwood Library,-0.4251,51.6124
Stanmore,-0.3117,51.6184
Burnt Oak,-0.2632,51.6033
Edgware,-0.274,51.6163
Wembley,-0.2817,51.559
Preston,-0.2884,51.5667
Huddersfield Library,-1.7816,53.6445
Birkby & Fartown Library,-1.7846,53.6594
Chestnut Centre Library,-1.7675,53.6686
Lindley Library,-1.8238,53.6611
Kirkheaton Library,-1.7276,53.6604
Almondbury Library,-1.7481,53.6312
Rawthorpe & Dalton Library,-1.7548,53.6508
Brighouse,-1.786,53.704
Rastrick,-1.7936,53.6896
Bailiff Bridge,-1.779,53.7204
Golcar Library,-1.8556,53.6398
Slaithwaite Library,-1.8776,53.6246
Marsden Library,-1.9268,53.6007
Kirkburton Library,-1.7023,53.6105
Shepley Library,-1.7104,53.584
Denby Dale Library,-1.6531,53.5736
Skelmanthorpe Library,-1.6507,53.5916
Holmfirth Library,-1.7883,53.5699
Meltham Library,-1.85,53.5919
Honley Library,-1.7968,53.6022
Harrogate library,-1.5386,53.991
Bilton and Woodfield community library,-1.5274,54.0043
Starbeck library,-1.4956,54.0015
Nidderdale Plus community library,-1.7609,54.0866
Ripon library,-1.5221,54.1371
Mashamshire community library,-1.656,54.2223
Knaresborough library,-1.467,54.0082
Flackwell Heath,-0.7118,51.6015
High Wycombe Library,-0.7552,51.6307
Hemel Hempstead,-0.4735,51.7552
Castlefield Library,-0.7806,51.6251
Downley Library,-0.7735,51.6477
Micklefield Library,-0.7108,51.6314
West Wycombe,-0.8035,51.6444
Stokenchurch,-0.8984,51.6592
Hazlemere Library,-0.7148,51.6501
Great Missenden Library,-0.7065,51.7028
Haddenham,-0.9262,51.7733
Long Crendon,-0.993,51.7728
Aylesbury Library,-0.8123,51.8145
Aylesbury Study Centre,-0.8123,51.8145
Wendover,-0.7426,51.7623
Tring,-0.6643,51.7934
Adeyfield (Hemel Hempstead),-0.4514,51.7555
Princes Risborough Library,-0.8314,51.7224
Bovingdon,-0.5322,51.7227
Leverstock Green (Hemel Hempstead),-0.4316,51.7483
Berkhamsted,-0.5662,51.7596
Chesham Library,-0.6132,51.7066
Amersham Library,-0.6022,51.6763
Little Chalfont,-0.5667,51.6664
Chalfont St Giles,-0.5696,51.6327
Beaconsfield Library,-0.6506,51.6129
Peterchurch,-2.9556,52.0404
Belmont,-2.739,52.0406
Weobley,-2.876,52.1593
Hereford,-2.7175,52.0548
Kington,-3.0285,52.2035
Leominster,-2.7394,52.2278
Bromyard,-2.5077,52.19
Ledbury,-2.4235,52.0365
Ross-on-Wye,-2.5796,51.9148
Willerby,-0.4472,53.7603
Anlaby Library and Customer Service Centre at East Riding Leisure Haltemprice,-0.4343,53.7485
Hedon,-0.1988,53.7401
Hessle Library and Customer Service Centre,-0.435,53.7239
Hull Central Library,-0.3432,53.7468
North Ferriby,-0.5021,53.7202
Swanland,-0.4878,53.7402
Brough Library and Customer Service Centre,-0.5692,53.7287
South Cave,-0.6045,53.7676
Cottingham,-0.4147,53.7813
Leven,-0.3138,53.8927
Beverley,-0.4333,53.8396
Hornsea,-0.1679,53.9119
Withernsea Library and Customer Service Centre,0.0357,53.7287
Western Library,-0.3642,53.7362
Gipsyville Library,-0.3862,53.733
Anlaby Park Library,-0.4068,53.7439
Avenues Library,-0.3736,53.7554
Fred Moore Library,-0.4017,53.7531
Greenwood Avenue Library,-0.3728,53.7824
Bransholme Library,-0.3227,53.7864
Ings Library,-0.2902,53.7708
Longhill Library,-0.2682,53.7773
Holderness Road Customer Service Centre Library,-0.3144,53.7521
Freedom Centre Library,-0.284,53.7588
Waudby Library,-0.2591,53.7539
Halifax central library,-1.859,53.7243
King Cross,-1.8823,53.7145
Mixenden,-1.9075,53.7502
Beechwood Road,-1.8841,53.7476
Skircoat,-1.8633,53.7055
Akroyd,-1.8647,53.7336
Northowram,-1.83,53.7399
Shelf,-1.8168,53.7524
Hipperholme,-1.8114,53.7257
Southowram,-1.8321,53.71
Greetland,-1.8691,53.6882
Stainland,-1.8718,53.6739
Elland,-1.8377,53.6849
Sowerby Bridge,-1.9124,53.7087
Ripponden,-1.9401,53.6759
Mytholmroyd,-1.9889,53.7257
Hebden Bridge,-2.0121,53.7412
Loughton library,0.059,51.6492
Debden library,0.0754,51.6484
Thames View,0.1039,51.5279
Barking,0.0798,51.5363
Redbridge Central Library,0.0753,51.5581
Uphall School Library,0.0721,51.548
Gants Hill Library,0.07,51.5776
Seven Kings Library,0.0998,51.5648
Goodmayes Library,0.109,51.5594
Clayhall Library,0.0498,51.5901
Fullwell Cross Library,0.0847,51.5927
Hainault Library,0.1041,51.608
Chigwell library,0.0778,51.6181
Woodford Green Library,0.0323,51.6076
Buckhurst Hill library,0.0369,51.6261
Felixstowe,1.351,51.9636
Woodbridge,1.3187,52.0935
Wickham Market,1.3648,52.151
Framlingham,1.3435,52.2221
Ipswich,1.1566,52.0587
Stowmarket,0.998,52.1877
Debenham Resource Centre,1.1837,52.2235
Broomhill,1.1403,52.0689
Aldeburgh,1.5959,52.1556
Leiston,1.5757,52.208
Saxmundham,1.4937,52.2167
Southwold,1.6759,52.3294
Halesworth,1.5019,52.3452
Harleston Library,1.2957,52.403
Chantry,1.1206,52.0447
Stradbroke,1.2719,52.319
Diss Library,1.1104,52.3768
Eye,1.1474,52.3202
Thetford Library,0.7501,52.4122
Watton Library,0.8216,52.5696
Brandon,0.6237,52.4468
Lakenheath,0.5191,52.416
Mildenhall,0.519,52.3455
Stoke,1.149,52.0431
Elmswell,0.9143,52.2343
Gainsborough,1.183,52.0336
Ixworth,0.8316,52.2976
Thurston,0.8075,52.2532
Bury St Edmunds,0.7109,52.2476
West Suffolk House (Library Point),0.697,52.2515
Rosehill,1.1817,52.0509
Kesgrave,1.2377,52.0615
Needham Market,1.0524,52.1516
Hadleigh,0.9548,52.0421
Capel St Mary,1.0498,52.0038
Esher,-0.3636,51.3696
Cobham,-0.4082,51.3281
Walton,-0.4201,51.3851
Hersham,-0.3955,51.3691
Kingston Library,-0.3003,51.4094
Weybridge,-0.46,51.3722
West Byfleet,-0.5044,51.3378
Byfleet,-0.476,51.3393
Hampton Wick,-0.3134,51.4141
Addlestone,-0.4898,51.3713
New Haw,-0.5035,51.3488
Chertsey,-0.5073,51.3884
Ewell,-0.2523,51.3504
Stoneleigh,-0.2475,51.3634
Tattenhams,-0.2396,51.311
Ewell Court,-0.261,51.3617
Epsom,-0.2663,51.3342
Ashtead,-0.3023,51.3122
Leatherhead,-0.3289,51.2936
Bookham,-0.3753,51.2782
Horsley,-0.4352,51.2767
Tudor Drive Library,-0.2964,51.4259
New Malden Library,-0.2609,51.3992
West Barnes Library,-0.2383,51.3949
Old Malden Library,-0.2549,51.3844
Worcester Park Library,-0.2413,51.3778
Surbiton Library,-0.2979,51.3928
Tolworth Community Library,-0.2826,51.3813
Dittons,-0.3344,51.3874
Molesey,-0.3624,51.4021
Hook and Chessington Library,-0.3061,51.3679
Fazakerley,-2.9223,53.4689
Croxteth,-2.8986,53.4559
Norris Green,-2.9312,53.4438
Old Swan,-2.9085,53.4142
West Derby,-2.9271,53.4258
Dovecot,-2.8762,53.4191
Wavertree,-2.9237,53.3992
Childwall,-2.8998,53.3972
Sefton Park,-2.9461,53.3781
Allerton,-2.9064,53.384
Garston,-2.904,53.3581
Bootle,-2.9896,53.4493
Crosby,-3.0226,53.478
Parklands,-2.8406,53.344
Lee Valley,-2.8598,53.3906
Halewood,-2.8258,53.359
Stockbridge Village,-2.8659,53.4358
Netherton,-2.9785,53.4902
Meadows (Maghull),-2.9451,53.5073
Kirkby,-2.8905,53.4822
Prescot,-2.8038,53.4288
Rainhill Library,-2.765,53.4142
Huyton,-2.8417,53.4107
Formby,-3.0669,53.554
Liverpool central,-2.9808,53.41
Ormskirk,-2.885,53.5692
Burscough,-2.8404,53.6013
Spellow,-2.9711,53.4421
Breck Road,-2.9588,53.4228
Kensington,-2.9534,53.4116
Toxteth,-2.9702,53.3939
Walton,-2.9595,53.4558
Sedbergh Library,-2.5298,54.3234
Dent (Library Link),-2.4542,54.2777
Grange over Sands Library,-2.9113,54.1935
Lancaster,-2.8015,54.0492
Ulverston Library,-3.0953,54.1935
Roose Library,-3.2061,54.1113
Barrow Library,-3.2315,54.1146
Barrow Island Library Link,-3.2287,54.1038
Walney Library,-3.2549,54.1071
Ormsgill (Library Link),-3.2304,54.1358
Dalton-in-Furness Library,-3.1818,54.1572
Askam Library,-3.206,54.1885
Millom Library,-3.2693,54.2091
Broughton in Furness (Library Link),-3.2114,54.2765
Coniston (Library Link),-3.0758,54.3697
Ambleside (Local Link),-2.963,54.4299
Windermere Library,-2.906,54.3767
Halton,-2.7582,54.0802
Bentham library,-2.5087,54.1183
Heysham,-2.8924,54.0484
Morecambe,-2.8654,54.0712
Arnside Library Link,-2.8342,54.202
Silverdale,-2.8269,54.1684
Bolton-le-Sands,-2.7909,54.1033
Carnforth,-2.7712,54.1263
Burton Book Drop,-2.7211,54.1824
Holme book drop,-2.733,54.2028
Kirkby Lonsdale Library,-2.5974,54.2023
Ingleton library,-2.4706,54.152
Milnthorpe (Local Link),-2.7716,54.2265
Kendal Library,-2.7475,54.3292
Hinckley,-1.3745,52.5395
Burbage,-1.3482,52.5282
Loughborough,-1.2098,52.7709
Hathern,-1.2556,52.7975
Sutton Bonnington,-1.2492,52.8204
East Leake,-1.1771,52.834
Mountsorrel,-1.1388,52.7274
Sileby,-1.1107,52.7269
Quorn,-1.1716,52.745
Barrow-upon-Soar,-1.147,52.7538
Shepshed,-1.2908,52.773
St Matthews Library,-1.1203,52.6395
Melton Mowbray,-0.8894,52.7662
Oakham,-0.7259,52.6688
Uppingham,-0.7206,52.5878
Market Harborough,-0.9208,52.4786
Leicester Central Library,-1.1324,52.633
Lutterworth,-1.2003,52.4575
Wigston,-1.103,52.5849
South Wigston,-1.1345,52.579
Narborough,-1.2037,52.5715
Enderby,-1.2103,52.5882
Highfields Library,-1.1142,52.6328
Knighton Library,-1.1181,52.6167
Oadby,-1.0839,52.5997
Aylestone Library,-1.1312,52.6093
Pork Pie Library and Community Centre,-1.1375,52.5971
Glenhills,-1.1632,52.5883
Eyres Monsell Library,-1.1469,52.5882
Westcotes Library,-1.148,52.6299
Braunstone Library,-1.165,52.6227
Braunstone Town,-1.1808,52.6125
Forest East Community Library,-1.2197,52.6226
Leicester Forest East,-1.2158,52.6212
Fosse Library,-1.151,52.6392
Glenfield,-1.2033,52.6509
New Parks Library,-1.1772,52.6467
Beaumont Leys Library,-1.1665,52.6663
Birstall,-1.1182,52.6769
Belgrave Library,-1.1206,52.6509
Rushey Mead Library,-1.1038,52.6632
Thurmaston,-1.0906,52.6733
Hamilton Library,-1.0675,52.6526
St Barnabas Library,-1.0971,52.6401
Evington Library,-1.0805,52.621
Groby,-1.2213,52.6622
Ratby,-1.245,52.6492
Ashby-De-La-Zouch,-1.4703,52.7486
Coalville,-1.3736,52.7255
Markfield,-1.2774,52.684
Syston,-1.0736,52.7016
East Goscote,-1.0514,52.7148
Anstey,-1.1895,52.6731
Rothley,-1.1369,52.7105
Kibworth,-0.9953,52.5376
Blaby,-1.1649,52.5735
Countesthorpe,-1.1454,52.5535
Fleckney,-1.0446,52.534
Great Glen,-1.0322,52.5742
Cosby,-1.1952,52.5504
Kirby Muxloe,-1.2305,52.6294
Sapcote,-1.2811,52.5355
Stoney Stanton,-1.2788,52.5489
Broughton Astley,-1.2298,52.5338
Earl Shilton,-1.3183,52.5753
Desford,-1.2945,52.6263
Newbold Verdon,-1.3394,52.6296
Woodhall Spa,-0.217,53.1518
Louth,-0.0027,53.3679
Mablethorpe,0.2578,53.3387
Sutton on Sea Community Hub,0.2822,53.3118
Saxilby Community Hub,-0.6601,53.2675
Alford,0.1805,53.2607
Lincoln,-0.5371,53.2296
Ermine,-0.5295,53.2472
Nettleham Community Hub,-0.4888,53.2675
Welton,-0.4858,53.3062
Cherry Willingham,-0.4552,53.2421
Branston Community Hub,-0.4787,53.2227
Bracebridge Heath Community Hub,-0.5353,53.1965
Mettheringham Community Hub,-0.4022,53.139
Navenby Community Hub,-0.5263,53.1032
Bracebridge Community Hub,-0.5495,53.2091
Waddington,-0.5406,53.1664
Birchwood,-0.6053,53.2152
Boultham,-0.5613,53.2105
North Hykeham Community Library,-0.5846,53.1816
Caistor,-0.3165,53.4961
Market Raisen,-0.3408,53.3844
Wragby Community Hub,-0.311,53.2865
Horncastle,-0.1159,53.208
Hunslet library,-1.5276,53.7796
Middleton library,-1.5321,53.7479
Dewsbury road library,-1.5456,53.7789
Beeston library,-1.5692,53.7724
Armley library,-1.5882,53.7971
Bramley library,-1.6301,53.8104
Leeds Central library,-1.5487,53.8001
Whinmoor library,-1.4553,53.8334
Seacroft library,-1.4615,53.8209
Scholes library,-1.4295,53.8252
Halton library,-1.4702,53.7963
Crossgates library,-1.4537,53.8071
Holt Park library,-1.6077,53.8557
Moor Allerton library,-1.5504,53.8452
Horsforth library,-1.6369,53.8406
Yeadon library,-1.684,53.8661
Guiseley library,-1.7112,53.8734
Otley library and tourist information,-1.6914,53.9049
Wetherby library and tourist information,-1.3876,53.9288
Boston Spa library,-1.3511,53.9068
Tadcaster library,-1.2681,53.8845
Garforth library and one stop centre,-1.3883,53.7914
Sherburn-in-Elmet library,-1.2521,53.799
Kippax library,-1.3733,53.7683
Rothwell library,-1.4789,53.7472
Gildersome library,-1.6297,53.7583
Morley library,-1.6013,53.7466
Farsley library,-1.6723,53.8107
Calverley library,-1.6874,53.8289
Pudsey library,-1.6639,53.7958
Addingham,-1.8847,53.9447
Menston,-1.7392,53.8895
Burley,-1.7478,53.9127
Ilkley,-1.8219,53.9243
Headingley library,-1.5787,53.821
Chapeltown library,-1.5317,53.8177
Chapel Allerton library,-1.5373,53.8283
Oakwood library,-1.5027,53.8268
Compton Road library,-1.51,53.8095
Bury Park library,-0.4273,51.884
Luton central library,-0.417,51.8811
Farley Community Centre,-0.44,51.8755
Stopsley library,-0.397,51.9019
Leagrave library,-0.4506,51.9026
Marsh Farm library,-0.4523,51.9198
Lewsey library,-0.4975,51.9019
Chaul End Community Centre,-0.4581,51.8916
Hockwell ring community centre,-0.4704,51.9052
Dunstable Library,-0.5215,51.888
Houghton Regis Library,-0.5194,51.905
Toddington Library,-0.5317,51.9489
Wing,-0.7152,51.8973
Leighton Buzzard Library,-0.6591,51.915
Beacon Villages,-0.6318,51.8353
Beswick Library,-2.1967,53.478
Longsight Library and Learning Centre,-2.201,53.4578
Moss Side Powerhouse Library,-2.2417,53.4576
Fallowfield Community Library,-2.2374,53.4468
Hulme High Street Library,-2.2475,53.4606
Old Trafford,-2.2719,53.4611
Gorton Library,-2.1743,53.4629
"Burnage Library, Activity and Information Hub",-2.2004,53.4302
Arcadia library and leisure centre,-2.1924,53.4456
Withington Library,-2.2263,53.436
Barlow Moor Community Library,-2.263,53.4228
Didsbury Library,-2.279,53.4443
Chorlton Library,-2.279,53.4443
Northenden Community Library,-2.2585,53.407
Forum Library Wythenshawe,-2.265,53.3799
Brooklands Library,-2.2963,53.4016
Alkrington Library,-2.1926,53.5373
Junction Community Library,-2.1785,53.5435
Langley library,-2.2202,53.5578
Middleton Library,-2.1963,53.5529
Prestwich Library and Adult Learning Centre,-2.2843,53.533
Manchester Central library,-2.2446,53.4779
Radcliffe Library,-2.3238,53.5586
Dumers Lane Community Centre and Library,-2.3033,53.5701
Coronation Road Community Centre and Library,-2.3476,53.5673
Swinton,-2.3422,53.5122
Clifton,-2.3344,53.5245
Little Hulton,-2.4212,53.5297
Boothstown,-2.4176,53.5045
Worsley Village,-2.3813,53.4999
Walkden,-2.3985,53.5249
Tyldesley,-2.468,53.5145
Eccles,-2.3393,53.4825
Winton,-2.3683,53.4897
Partington,-2.4254,53.4172
Trafford Town Hall,-2.2875,53.459
Stretford,-2.3126,53.4461
Lostock,-2.3316,53.4537
Coppice,-2.3484,53.415
Sale,-2.32,53.4251
Denton,-2.1141,53.4546
Denton West End,-2.1451,53.4537
Ryecroft,-2.1297,53.4778
Failsworth Library,-2.1591,53.5104
Newton Heath Library,-2.1829,53.5015
New Moston Community Library,-2.1674,53.5166
Miles Platting Community Library,-2.2147,53.4919
Urmston,-2.3547,53.4491
Woodsend,-2.3935,53.455
Droylsden,-2.146,53.4792
Cadishead,-2.4355,53.4288
Irlam,-2.4124,53.4522
Whitefield Library and Adult Learning Centre,-2.295,53.5472
Atherton,-2.4875,53.5259
Ordsall,-2.2721,53.4739
Pendleton,-2.2847,53.4883
Height,-2.3089,53.4997
Hope,-2.3183,53.489
Lower Kersal,-2.2864,53.5083
Broughton Community Hub,-2.2598,53.507
Abraham Moss Library,-2.2357,53.5124
North City Library,-2.2124,53.514
Avenue Library and Learning Centre,-2.2076,53.5325
Sittingbourne Library,0.7351,51.339
Queenborough Library,0.7475,51.4161
"Rochester Library, Community Hub Rochester",0.5064,51.387
Sheerness Library,0.7612,51.4406
Minster-in-Sheppey Library,0.8042,51.4201
Thomas Aveling School and Community Library,0.5027,51.3642
Faversham Library,0.8924,51.3142
Boughton-under-Blean Library,0.9471,51.298
"Kent History and Library Centre, Maidstone",0.5167,51.2795
Bearsted Library,0.5801,51.2746
Shepway Library,0.5457,51.2528
Madginford Library,0.5649,51.2646
Allington Library,0.4975,51.2873
Lenham Library,0.7189,51.2373
Coxheath Library,0.4929,51.2334
Whitstable Library,0.4311,51.2249
Yalding Library,0.4311,51.2249
West Malling Library,0.409,51.2954
Larkfield Library,0.4394,51.2998
Cuxton Library,0.4534,51.3743
"Strood Library, Community Hub Strood",0.4943,51.3957
Grain Library,0.7144,51.4553
Higham Library,0.4585,51.4151
Hoo Library,0.5639,51.4186
"Chatham Library, Community Hub Chatham",0.5237,51.3872
Walderslade Hook Meadow Library,0.5226,51.3508
Luton Library,0.5485,51.369
Lordswood Library,0.5439,51.3345
Walderslade Village Library,0.5267,51.3395
Snodland Library,0.443,51.3298
"Gillingham Library, Community Hub Gillingham",0.5428,51.3888
"Hempstead Library, Neighbourhood Community Hub  Hempstead",0.5713,51.3494
Wigmore Library,0.5864,51.3463
"Twydall Library, Community Hub Twydall",0.5827,51.375
Rainham Library,0.6025,51.3654
Teynham Library,0.797,51.3286
Kingston Library,-0.6882,52.0354
Stony Stratford Library,-0.8543,52.0568
Wolverton Library,-0.8078,52.0627
Newport Pagnell Library,-0.7207,52.0862
Woburn Sands Library,-0.6473,52.0113
Buckingham Library,-0.986,52.0001
Steeple Claydon,-0.9797,51.9361
Winslow,-0.8833,51.946
Deanshanger,-0.8921,52.0516
Bletchley Library,-0.7281,51.9939
Bedford Central Library,-0.4682,52.1363
Putnoe,-0.4409,52.1548
Kempston,-0.4935,52.1211
Bromham,-0.5336,52.1497
Wootton,-0.529,52.0988
Westcroft Library,-0.7942,52.004
Flitwick Library,-0.4987,52.0014
Ampthill Library,-0.4954,52.0259
Barton Library,-0.4266,51.9677
Olney Library,-0.7018,52.1568
Milton Keynes Central Library,-0.7596,52.0436
South Friern,-0.1482,51.6008
Muswell Hill Library,-0.1463,51.5917
Lewis Carroll Children's Library,-0.1193,51.5371
Bowes Road,-0.1298,51.6155
Osidge,-0.1492,51.6292
Friern Barnet Community Library,-0.1534,51.6135
West Library,-0.1166,51.5407
North Finchley,-0.1746,51.6185
South Library,-0.0989,51.5389
Palmers Green,-0.1106,51.6156
Oakwood,-0.1292,51.6488
Southgate Circus,-0.1281,51.6308
Mildmay Library,-0.0845,51.5481
Marcus Garvey Library,-0.0741,51.5882
St AnnÃ•s Library,-0.0827,51.5816
Stoke Newington Library,-0.0828,51.5616
Stamford Hill Library,-0.0724,51.5704
Shoreditch Library,-0.0801,51.5303
Coombes Croft Library,-0.0682,51.6007
Millfield House,-0.0783,51.6162
Angel Raynham,-0.061,51.6131
Fore Street,-0.0653,51.6125
Highgate Library,-0.1451,51.5634
Archway Library,-0.1356,51.5657
Pancras Square Library,-0.1251,51.5335
Ridge Avenue,-0.0833,51.6358
Winchmore Hill,-0.0984,51.6284
Wood Green Central Library and Customer Services,-0.1097,51.5955
Alexandra Park Library,-0.1361,51.599
East Finchley,-0.1676,51.5939
Church End,-0.1967,51.6
N4 Library,-0.1033,51.5634
Woodberry Down Library,-0.0915,51.5705
Stroud Green and Harringay Library,-0.1068,51.578
Islington Central Library,-0.1072,51.5492
Highgate Library,-0.1425,51.5774
John Barnes Library,-0.1258,51.5509
North Library,-0.122,51.5603
Hornsey Library,-0.1216,51.5784
Edmonton Green,-0.0584,51.6236
Pelaw Library,-1.5451,54.9542
Leam Lane Library,-1.547,54.94
Felling Library,-1.5707,54.9514
Lobley Hill (book collection),-1.637,54.942
Dunston Library,-1.641,54.9506
Killingworth (located in the White Swan Customer First Centre),-1.5651,55.0355
Forest Hall,-1.5675,55.0228
Longbenton,-1.5865,55.0116
Wideopen,-1.6288,55.0461
Dinnington Library,-1.6733,55.0513
Heddon Library,-1.7916,54.9965
Denton Burn Library,-1.6892,54.9836
Newburn Library,-1.7373,54.9812
Whickham Library,-1.6773,54.9462
Chopwell Library,-1.8165,54.9186
City Library,-1.6104,54.975
Ponteland Library,-1.7441,55.0512
Blaydon Library,-1.7095,54.9639
Winlaton,-1.7278,54.9536
Bedlington Station Library,-1.5703,55.1391
Bedlington Library,-1.5986,55.1323
Jesmond Library,-1.6057,54.9935
Cramlington Library,-1.592,55.0851
Dudley,-1.5956,55.0555
Blyth Library,-1.5068,55.1271
South Beach Library,-1.5105,55.1105
Cowpen Library,-1.5476,55.1236
Seaton Valley Library,-1.5259,55.0706
Monkseaton,-1.4683,55.0403
Whitley Bay Customer First Centre,-1.4452,55.043
Seaton Sluice Library,-1.4722,55.0828
Howdon,-1.503,54.9968
Wallsend Customer First Centre,-1.5349,54.9913
Battle Hill,-1.5332,55.0029
Shiremoor,-1.5333,55.0041
North Shields Customer First Centre,-1.4458,55.0098
Cullercoats,-1.4363,55.034
Tynemouth,-1.4222,55.0179
Library at Hebburn Central,-1.5193,54.9738
Jarrow,-1.4861,54.9813
Primrose library,-1.4697,54.9654
Fawdon Partnership Library,-1.6474,55.0139
South Shields central library,-1.4303,54.998
Gosforth Library,-1.6303,55.0111
Kenton Library,-1.6532,55.0052
Boldon Lane,-1.4387,54.9693
Cleadon Park,-1.3987,54.9732
Chuter Ede library access point,-1.4403,54.9601
East Boldon,-1.44,54.9465
Washington Millennium,-1.5226,54.9145
Washington Town Centre,-1.5313,54.8992
Rowlands Gill Library,-1.745,54.9203
Ryton,-1.7634,54.9724
Crawcrook Library,-1.7891,54.9668
Wylam Library,-1.8161,54.9772
Prudhoe Library,-1.8495,54.9613
Corbridge Library,-2.0186,54.9746
Hexham Library,-2.1033,54.97
Haydon Bridge Library,-2.2471,54.9737
Allendale Library,-2.2527,54.8976
Cruddas Park Library,-1.6369,54.966
Kielder Library,-2.5796,55.2318
Bellingham Library,-2.2556,55.1434
Haltwhistle Library,-2.4608,54.9702
West End Library,-1.6604,54.9712
Fenham Library,-1.6602,54.9845
Outer West Library,-1.6992,54.993
Blakelaw Library,-1.6743,54.9929
Newbiggin Hall Library,-1.6866,55.0064
Morpeth Library,-1.6906,55.1697
Ellington Library,-1.5643,55.2204
Widdrington Library,-1.6196,55.2383
Lynemouth Library,-1.5378,55.2117
East End Library,-1.5778,54.9767
Guide Post Library,-1.6025,55.1593
Ashington Library,-1.5679,55.1856
Hirst Library,-1.5476,55.1751
Walker Library,-1.5557,54.9693
Newbiggin Library,-1.517,55.1822
Amble Library,-1.5836,55.3322
Rothbury Library,-1.9151,55.3089
Hadston House Library,-1.6036,55.2933
Alnwick Library,-1.7063,55.4117
Seahouses,-1.6536,55.5779
Wooler Library,-2.0184,55.5465
High Heaton Library,-1.5859,54.9954
Sunderland Road,-1.5903,54.9567
Gateshead Central Library,-1.6013,54.9512
Low Fell,-1.5976,54.9304
Wrekenton Library,-1.5748,54.9254
Long Eaton,-1.2729,52.8956
Sandiacre,-1.2933,52.9246
Gotham,-1.2047,52.8697
Ruddington,-1.1514,52.8916
Clifton Library,-1.1763,52.9039
Radcliffe-on-Trent,-1.0377,52.9478
Cotgrave,-1.0373,52.9106
Keyworth,-1.0848,52.8738
Bottesford,-0.8007,52.9417
Bingham,-0.9545,52.9522
Burton Joyce,-1.0346,52.9885
Calverton,-1.0819,53.0371
Lowdham,-1.005,53.012
Edgewood,-1.2297,53.0268
Hucknall,-1.2056,53.0384
Ravenshead,-1.1659,53.0855
Kimberley,-1.2564,52.9972
Eastwood,-1.3015,53.0174
Jacksdale,-1.3373,53.0604
Selston,-1.3079,53.072
Pinxton,-1.3191,53.0915
Nottingham Central Library,-1.1535,52.9537
Sutton-in-Ashfield,-1.2632,53.1252
Huthwaite,-1.2981,53.1284
Skegby and Stanton Hill,-1.2733,53.1423
Kirkby-in-Ashfield,-1.2439,53.0994
Annesley Woodhouse,-1.2499,53.0784
Mansfield Central,-1.1982,53.1454
Ladybrook,-1.2177,53.1451
Forest Town,-1.166,53.1507
Mansfield Woodhouse,-1.1941,53.1645
Warsop,-1.1536,53.2048
Shirebrook,-1.214,53.2029
Rainworth,-1.1188,53.1169
Blidworth,-1.1204,53.0995
Clipstone,-1.1164,53.1634
Edwinstowe,-1.0643,53.1939
Tuxford,-0.8955,53.229
Farnsfield,-1.035,53.1031
Bilsthorpe,-1.0381,53.141
Ollerton,-1.0086,53.2039
Dukeries,-1.0004,53.2076
Meadows Library,-1.1456,52.9409
Sutton on Trent,-0.8043,53.1818
Collingham,-0.7602,53.1457
Newark,-0.807,53.0744
Balderton,-0.7767,53.0553
Sneinton Library,-1.1264,52.9505
Southwell,-0.9538,53.079
West Bridgford,-1.1275,52.9336
Grantham,-0.6425,52.9104
Wells Road library,-1.124,52.9732
St Ann's Valley Library,-1.1361,52.9628
Sleaford,-0.4093,52.9992
Ruskington Community Hub,-0.3849,53.0447
Heckington Community Hub,-0.3021,52.9817
Mapperley,-1.1173,52.9851
Bakersfield Library,-1.1134,52.9616
Carlton Hill Library,-1.1104,52.9656
Carlton,-1.0806,52.9675
Gedling,-1.0935,52.9816
Sherwood Library,-1.1469,52.9798
Woodthorpe,-1.1308,52.9912
Southglade Park Library,-1.1736,52.9987
Arnold,-1.1275,53.0062
Basford Library,-1.1792,52.983
Bulwell Riverside Library,-1.1966,52.9981
Radford-Lenton Library,-1.1765,52.9531
Hyson Green Library,-1.1719,52.9645
Wollaton Library,-1.2231,52.9515
Strelley Road Library,-1.217,52.9741
Bilborough Library,-1.2311,52.964
Aspley Library,-1.1933,52.9793
Beeston,-1.2175,52.9268
Inham Nook,-1.2481,52.9238
Toton,-1.2563,52.9075
Stapleford,-1.2742,52.931
Rushden,-0.5961,52.2891
Higham Ferrers,-0.5902,52.3079
Woodford Halse,-1.2059,52.1711
Daventry,-1.1621,52.2586
Towcester,-0.9904,52.1309
Northampton Central,-0.8916,52.2385
Brackley,-1.1516,52.0279
Desborough,-0.8156,52.4377
Thrapston,-0.5397,52.3968
Rothwell,-0.8002,52.423
Burton Latimer,-0.6793,52.3616
Kettering,-0.7275,52.3964
Corby,-0.7045,52.488
Danesholme,-0.7338,52.4708
Kingsthorpe,-0.9017,52.2645
Irchester,-0.6441,52.2831
Wollaston,-0.6707,52.2547
Abington,-0.8626,52.2539
Moulton,-0.8499,52.2883
Weston Favell,-0.8355,52.257
Hunsbury,-0.9155,52.2151
Wootton,-0.8821,52.2016
Far Cotton,-0.9041,52.2261
St James,-0.9156,52.2395
Duston,-0.9413,52.2505
Earls Barton,-0.7506,52.2644
Long Buckby,-1.0826,52.3005
Brixworth,-0.9096,52.3277
Roade,-0.8946,52.1585
Wellingborough,-0.6927,52.3022
Finedon,-0.6586,52.3389
Irthlingborough,-0.6164,52.3242
Raunds,-0.5339,52.3473
Reepham Library,1.1107,52.7627
Aylsham Library,1.2503,52.794
Mundesley Library,1.4347,52.8794
Wroxham Library,1.404,52.7103
Stalham Library,1.5127,52.7722
Acle Library,1.5487,52.641
Blofield Library,1.4482,52.636
Brundall Library,1.4323,52.6246
Loddon Library,1.4814,52.5356
Poringland Library,1.3436,52.5701
Plumstead Road Library,1.3213,52.6353
Long Stratton Library,1.2345,52.4876
Attleborough Library,1.0177,52.5164
Wymondham Library,1.1133,52.5712
Dereham Library,0.9414,52.6798
Fakenham Library,0.8463,52.8315
Norfolk and Norwich Millennium Library,1.291,52.6277
Wells Library,0.8538,52.9545
Holt Library,1.0916,52.9062
Sheringham Library,1.2125,52.9426
Cromer Library,1.2978,52.931
North Walsham Library,1.3896,52.8207
Martham Library,1.6321,52.7074
Great Yarmouth Library,1.7274,52.6043
Caister Library,1.731,52.6474
Gorleston Library,1.7272,52.5772
Lowestoft,1.7504,52.4769
Oulton Broad,1.7133,52.476
Mile Cross Library,1.2805,52.6496
Kessingland,1.7197,52.4194
Beccles,1.5649,52.4562
Bungay,1.4399,52.454
Tuckswood Library,1.2813,52.6083
Earlham Library,1.26,52.627
Costessey Library,1.2216,52.6459
West Earlham Library,1.2408,52.6318
Hellesdon Library,1.2623,52.6637
St Williams Way Library,1.3371,52.6373
Sprowston Library,1.3169,52.6562
Taverham Library,1.1962,52.6815
Hethersett Library,1.1821,52.5991
Hingham Library,0.98,52.58
Willesden Green,-0.2289,51.5466
Harlesden,-0.2499,51.5381
Garden Suburb Community Library,-0.1836,51.5862
Golders Green,-0.2018,51.5748
Camden Town Library,-0.1378,51.5342
Chalk Farm (now Primrose Hill Community Library),-0.1568,51.5412
Childs Hill,-0.201,51.5621
Cricklewood,-0.2275,51.557
Keats Community Library,-0.1682,51.5555
Swiss Cottage Library,-0.1732,51.5423
Belsize Community Library,-0.1728,51.5435
Hendon,-0.229,51.5886
Kentish Town Library,-0.1406,51.5501
Queens Crescent Library,-0.1512,51.5505
West Hampstead Library,-0.1916,51.5503
Kilburn Library Centre,-0.1911,51.5364
Kilburn,-0.2055,51.5355
Mill Hill,-0.2436,51.615
St John's Wood Library,-0.1725,51.5337
Church Street Library,-0.1704,51.5232
Grahame Park (now called Colindale),-0.2451,51.6018
Kingsbury,-0.2765,51.586
Heywood Library,-2.2182,53.5926
Darnhill Library,-2.2411,53.5879
Balderstone Library,-2.1462,53.5995
Castleton Library,-2.1821,53.5956
Oldham Library and Lifelong Learning Centre,-2.1093,53.5402
Spotland Library,-2.1817,53.6238
Norden Library,-2.2058,53.6271
Whitworth,-2.1775,53.6594
Wardle Library,-2.1322,53.6457
Smallbridge Library,-2.136,53.633
Smithybridge Library,-2.136,53.633
Bacup,-2.2,53.7034
Todmorden,-2.0988,53.7127
Walsden,-2.1003,53.694
Littleborough Library,-2.0996,53.646
Local Studies Library - Touchstones,-2.1619,53.6151
Rochdale Central Library,-2.1558,53.6176
Belfield Library,-2.1329,53.621
Milnrow Library,-2.1041,53.6056
Royton Library,-2.1223,53.5665
Crompton Library,-2.0957,53.5763
Delph Library,-2.0229,53.5667
Uppermill Library,-2.0057,53.5484
Greenfield Library,-2.007,53.5357
Lees Library Community Hub,-2.0719,53.5368
Mossley,-2.0461,53.5189
Tameside Central,-2.0978,53.4873
Fitton Hill Library,-2.1008,53.5201
Limehurst Library,-2.1268,53.5152
Chadderton Library and Wellbeing Centre,-2.1416,53.5476
Northmoor Library,-2.1239,53.5469
Wallingford,-1.1278,51.601
Benson,-1.1098,51.6209
Berinsfield,-1.176,51.6629
Didcot,-1.2354,51.6024
Oxford Central,-1.262,51.7513
Oxford Central,-1.2606,51.7514
Wantage,-1.4241,51.5896
Grove,-1.4238,51.6106
Abingdon,-1.2833,51.6717
Deddington,-1.3226,51.9821
Hook Norton,-1.4847,51.995
Kennington,-1.2445,51.7181
Neithrop,-1.3534,52.0607
Banbury,-1.3369,52.0598
Middleton Cheney,-1.2723,52.0713
Adderbury,-1.3139,52.0157
Bampton,-1.5478,51.7264
Carterton,-1.5976,51.7583
Burford,-1.6368,51.8082
Woodstock,-1.3527,51.8474
Bicester,-1.1537,51.8997
Summertown,-1.2681,51.7782
Witney,-1.4861,51.7865
Eynsham,-1.3741,51.7818
North Leigh,-1.4367,51.8136
Stonesfield,-1.4282,51.8549
Botley,-1.2973,51.7518
Old Marston,-1.236,51.7719
Wheatley,-1.1366,51.7467
Chinnor,-0.91,51.7023
Headington,-1.2095,51.7629
Cowley,-1.2123,51.7365
Blackbird Leys,-1.2011,51.7197
Littlemore,-1.2159,51.7225
Watlington,-1.0061,51.6454
Kidlington,-1.2884,51.8219
Charlbury,-1.4826,51.873
Chipping Norton,-1.5449,51.9429
Wychwood,-1.6189,51.8611
Thame,-0.9766,51.7478
Bourne,-0.376,52.7678
Spalding,-0.1547,52.7869
Pinchbeck Community Hub,-0.162,52.8162
Donington Community Hub,-0.2026,52.9049
Peterborough Central,-0.2414,52.5765
Holbeach,0.0134,52.8027
Long Sutton,0.1183,52.7866
Sutton Bridge Community Hub,0.1901,52.7688
Wisbech Library,0.1609,52.6644
Dogsthorpe,-0.2308,52.5946
March Library,0.0848,52.5489
Chatteris Community Hub,0.0495,52.4591
Chatteris Library,0.0495,52.4591
St Neots Library,-0.2716,52.2283
Buckden Library,-0.2464,52.2927
Kirton,-0.0517,52.9248
Swineshead Community Hub,-0.1609,52.9476
Boston,-0.0243,52.9794
Spilsby,0.099,53.174
Burgh le Marsh,0.2446,53.1616
Ingoldmells Communiy Hub,0.3346,53.1934
Skegness,0.3367,53.1455
Orton,-0.3031,52.5451
Ramsey Library,-0.1066,52.4491
St Ives Library,-0.0689,52.3226
Warboys,-0.0792,52.4037
Somersham Library Access Point,-0.0027,52.381
Sawtry Library,-0.2796,52.4368
Stanground,-0.2212,52.5528
Huntingdon Library and Archive,-0.1844,52.3297
Woodston,-0.2488,52.562
Gaywood Library,0.4202,52.7586
Kings Lynn Library,0.4001,52.7508
Dersingham Library,0.5052,52.8479
Hunstanton Library,0.488,52.9376
Swaffham Library,0.6899,52.6465
Downham Market Library,0.3744,52.6018
Bretton,-0.2834,52.5899
Werrington,-0.2757,52.6206
Crowland Community Hub,-0.1668,52.6769
Thorney,-0.1067,52.6211
Eye,-0.1868,52.6125
The Deepings Community Library,-0.3135,52.6746
Whittlesey Community Hub,-0.1292,52.5564
Yaxley Library,-0.2511,52.5169
Hampton,-0.2618,52.5356
Oundle,-0.4723,52.4856
Stamford,-0.4768,52.653
Ketton,-0.5535,52.6297
Ryhall,-0.4712,52.683
Millbrook Micro,-4.2187,50.3472
Torpoint Library and One Stop Shop,-4.1946,50.375
Polbathic Micro,-4.325,50.3883
Plymouth Central Library,-4.143,50.373
Saltash Library and One Stop Shop,-4.2207,50.41
Looe Library and One Stop Shop,-4.4578,50.3571
Upton Cross Library,-4.4246,50.5235
Liskeard Library,-4.465,50.4543
Devonport Library,-4.1748,50.3721
Launceston Library and One Stop Shop,-4.3597,50.6353
Callington Library,-4.3109,50.5051
Tavistock,-4.1474,50.5477
Princetown,-3.9917,50.5447
Ivybridge,-3.9191,50.3896
Stoke Library,-4.1703,50.3791
Lostwithiel Library,-4.6699,50.4074
Lerryn Micro,-4.6178,50.3829
North Prospect Library,-4.1661,50.3923
Fowey Library and One Stop Shop,-4.6459,50.3418
Par Library,-4.7001,50.353
St Blazey Micro,-4.7279,50.3509
St Austell Library,-4.7833,50.3393
Nanpean Micro,-4.8695,50.369
St Dennis Micro,-4.8828,50.384
Treverbyn Micro,-4.7904,50.3796
Wadebridge Library and One Stop Shop,-4.834,50.5152
Padstow Library,-4.9393,50.5401
Bodmin Library and One Stop Shop,-4.7243,50.4714
Camelford Library and One Stop Shop,-4.6791,50.6225
Peverell Library,-4.1449,50.3935
Laira Library,-4.1068,50.3838
Efford Library,-4.1092,50.3874
Tothill Library,-4.12,50.3734
St Budeaux Library,-4.1869,50.403
West Park Library,-4.1668,50.4126
Ernesettle Library,-4.1791,50.4187
Crownhill Library,-4.1317,50.4067
Eggbuckland Library,-4.1236,50.3979
Southway Library,-4.126,50.4298
Estover Library,-4.1005,50.4116
Plympton Library,-4.0551,50.3889
Plymstock Library,-4.0886,50.3601
Emsworth,-0.9367,50.8464
Southbourne Library,-0.9104,50.8479
Hayling Island,-0.9775,50.7915
Gosport Discovery Centre,-1.1249,50.7946
Gosport Naval and Local Studies,-1.1254,50.7951
Elson,-1.1467,50.8084
Portsmouth Central,-1.0917,50.7966
Bridgemary,-1.1706,50.8212
Lee-on-the-Solent,-1.1998,50.8001
Portsea,-1.1003,50.7996
Stubbington,-1.2149,50.8233
"Fratton, Carnegie",-1.0776,50.8025
Fareham,-1.1773,50.854
Portchester,-1.1264,50.8465
Chichester Library,-0.7818,50.8377
Witterings Library,-0.8736,50.7683
Selsey Library,-0.7906,50.7356
Bognor Regis Library,-0.6733,50.7873
Willowhale Library,-0.718,50.7821
North End,-1.0801,50.8173
Lord Louis,-1.2936,50.6978
Brighstone community library,-1.3957,50.6437
Cowes,-1.2984,50.7602
East Cowes community library,-1.2887,50.7581
Ryde,-1.1615,50.7281
Bembridge community library,-1.091,50.6906
Sandown,-1.1509,50.6559
Alderman Lacey,-1.0584,50.8083
Shanklin community library,-1.1802,50.6278
Ventnor,-1.2003,50.5968
Niton - Edward Edwards community library,-1.2843,50.5872
Freshwater,-1.523,50.6827
"Milton, Beddow",-1.0592,50.7949
Southsea,-1.0879,50.7861
Cosham,-1.0677,50.8468
Paulsgrove,-1.0939,50.8489
Waterlooville,-1.0304,50.8801
Hordean,-1.0009,50.914
Havant,-0.9824,50.8525
Leigh Park,-0.9859,50.8667
Preston Harris,-2.6983,53.7591
Kingsfold,-2.7189,53.7363
Penwortham,-2.7271,53.7502
Savick,-2.7537,53.77
Ingol,-2.7424,53.7805
Leyland,-2.6998,53.6905
Ribbleton,-2.6564,53.7768
Sharoe Green,-2.6976,53.7794
Fulwood,-2.7132,53.7918
Garstang,-2.7799,53.9017
Longridge,-2.6014,53.8306
Freckleton,-2.8619,53.7539
Kirkham,-2.8832,53.7855
Longton,-2.7802,53.7278
Tarleton,-2.8314,53.6802
Lostock Hall,-2.6911,53.7261
Bamber Bridge,-2.6612,53.7306
Clayton Green,-2.6417,53.7076
Addlington,-2.6029,53.6146
Chorley,-2.6313,53.6545
Coppull,-2.667,53.6207
Eccleston,-2.724,53.6444
Euxton,-2.6768,53.669
Southport,-3.0064,53.647
Ainsdale,-3.0331,53.6024
Wargrave,-0.871,51.5009
Twyford,-0.867,51.4769
Bracknell Central,-0.7479,51.4179
Birch Hill,-0.752,51.3908
Great Hollands,-0.7708,51.3994
Harmans Water,-0.7323,51.4062
Reading Central,-0.9678,51.4551
Palmer Park,-0.9418,51.4522
Newbury,-1.3207,51.4015
Wash Common,-1.3482,51.3793
Hungerford,-1.5186,51.415
Lambourn,-1.532,51.5075
Thatcham,-1.2611,51.404
Kingsclere,-1.2451,51.3249
Basingstoke Discovery Centre,-1.0876,51.2641
South Ham,-1.118,51.2587
Chineham,-1.0597,51.2842
Overton,-1.2645,51.2438
Tadley,-1.1415,51.3552
Whitley,-0.9624,51.4351
Whitchurch,-1.3382,51.2265
Odiham,-0.9399,51.2529
Arborfield Pop-up,-0.9048,51.3937
Battle,-1.0001,51.4579
Southcote,-1.0129,51.4417
Tilehurst,-1.0377,51.4598
Wokingham,-0.835,51.4091
Finchampstead,-0.8605,51.3806
Winnersh,-0.8757,51.4322
Whitegrove,-0.7314,51.4263
Binfield,-0.7912,51.4308
Crowthorne,-0.7936,51.3685
Caversham,-0.9742,51.4678
Sonning Common,-0.9804,51.5155
Woodley,-0.904,51.4535
Lower Earley,-0.9328,51.4256
Maiden Erlegh,-0.9252,51.4373
Spencers Wood,-0.974,51.3952
Burghfield Common,-1.0677,51.3962
Mortimer,-1.0639,51.3773
Theale,-1.0842,51.4359
Woodcote,-1.0676,51.5336
Pangbourne,-1.085,51.4836
Goring,-1.1369,51.5213
Henley,-0.9059,51.5401
Crawley Library,-0.1807,51.1102
Broadfield Library,-0.2056,51.097
Redhill,-0.1678,51.2409
Horsham Library,-0.3328,51.0622
Southwater Library,-0.3501,51.0248
Merstham,-0.1453,51.2583
Billingshurst Library,-0.4533,51.0232
Burgess Hill Library,-0.1322,50.9559
Haywards Heath Library,-0.1083,51.0018
Forest Row Library,0.0373,51.0952
East Grinstead Library,-0.0104,51.1239
Pulborough Library,-0.5006,50.9572
Storrington Library,-0.455,50.9196
Reigate,-0.2038,51.2366
Dorking,-0.3313,51.2331
Beare Green Community Link,-0.3187,51.1799
Performing Arts Library,-0.3319,51.2481
Horley,-0.1656,51.1726
Lingfield,-0.0158,51.1772
Oxted,0.0003,51.2578
Dagenham,0.1496,51.5401
Hornchurch Library,0.2206,51.5649
Elm Park Library,0.1982,51.552
South Hornchurch Library,0.1875,51.5302
Rainham Library,0.1911,51.517
Romford Central Library,0.1835,51.5808
Upminster Library,0.248,51.5557
Aveley,0.2515,51.4991
Belhus,0.2821,51.5107
Blackshots,0.3407,51.4917
Chadwell,0.3693,51.4834
Grays Central,0.3246,51.4794
Tilbury,0.3652,51.4618
East Tilbury,0.4193,51.4809
Gidea Park Library,0.2059,51.58
Harold Wood Library,0.2342,51.5955
Harold Hill Library,0.2203,51.6083
Collier Row Library,0.1615,51.5986
Keith Axon Library,0.1216,51.5752
Marks Gate,0.1359,51.5854
Robert Jeyes Community Library,0.1427,51.5726
Valence,0.1342,51.5583
Broomhill,-1.5029,53.3778
Ecclesall,-1.5128,53.3554
Sheffield Central: Lending,-1.4668,53.3801
Manor,-1.429,53.3592
Gleadless,-1.4207,53.343
Frecheville,-1.4007,53.3475
Woodhouse,-1.3725,53.3578
Totley,-1.533,53.3153
Dronfield,-1.4751,53.3024
Crystal Peaks,-1.3535,53.3416
Killamarsh,-1.315,53.3243
Eckington,-1.3563,53.3092
Newfield Green,-1.4481,53.3552
Highfield,-1.4752,53.3671
Dinnington Library and Customer Service Centre,-1.2086,53.3724
Park,-1.4541,53.3782
Aston Library and Customer Service Centre,-1.317,53.3629
Kiveton Park Library,-1.2766,53.3408
Chapeltown,-1.4698,53.4607
Ecclesfield,-1.4639,53.4392
Stocksbridge,-1.5929,53.4821
Penistone,-1.6307,53.5236
Chesterfield,-1.428,53.2346
Newbold,-1.4507,53.2561
Old Whittington,-1.4253,53.2701
Holmewood,-1.3534,53.1883
Wingerworth,-1.4429,53.2019
Brimington,-1.396,53.2572
Staveley,-1.3503,53.27
Clowne,-1.2656,53.2778
Bolsover,-1.2914,53.2283
Clay Cross,-1.4232,53.1678
Burngreave,-1.4584,53.3912
Firth Park,-1.4488,53.4181
Parson Cross,-1.485,53.4269
Southey,-1.48,53.4179
Riverside House Library and Customer Service Centre,-1.361,53.429
Brinsworth Library,-1.3654,53.4059
Kimberworth Library,-1.3931,53.4334
Thorpe Hesley Library,-1.4317,53.4596
Greasbrough Library,-1.3703,53.4538
Rawmarsh Library and Customer Service Centre,-1.3395,53.4593
Thurnscoe,-1.3112,53.5442
Wath Library,-1.3448,53.5026
Goldthorpe,-1.3051,53.5341
Upperthorpe,-1.4887,53.3897
Walkley,-1.5021,53.3941
Swinton Library and Customer Service Centre,-1.3128,53.4869
Mexborough Library,-1.2916,53.4934
Hillsborough,-1.5044,53.4074
Mowbray Gardens Library,-1.3229,53.44
Wickersley Library,-1.2781,53.4216
Maltby Library,-1.2027,53.4233
Thurcroft Library,-1.2529,53.3931
Stannington,-1.5468,53.3932
Barnsley Central Library,-1.4808,53.5509
Worsbrough,-1.4637,53.5313
Roundhouse,-1.4796,53.5803
Royston,-1.456,53.6004
Priory,-1.4385,53.5577
Grimethorpe,-1.3824,53.5753
Cudworth,-1.4186,53.577
Wombwell,-1.397,53.5221
Darfield,-1.3725,53.5335
Hoyland,-1.4377,53.4998
Dodworth,-1.5248,53.5424
Mapplewell,-1.5082,53.586
Worksop,-1.1192,53.3044
Creswell,-1.2142,53.2636
Whitwell,-1.208,53.284
Woodseats,-1.4795,53.3404
Balmoral,-1.1292,53.3225
Carlton in Lindrick,-1.1211,53.3575
Langold,-1.1188,53.3769
Greenhill,-1.4912,53.3255
Jordanthorpe,-1.4645,53.3227
Tinsley,-1.3981,53.4125
Darnall,-1.4108,53.3867
West Greenwich Library,-0.0113,51.478
Greenwich Centre Library,0.0086,51.4861
Durning,-0.1101,51.4888
John Harvard Library,-0.0924,51.5017
Grove Park community library service,0.0227,51.4358
Manor House Library,0.0045,51.4573
Lewisham Library,-0.0117,51.4593
New Cross community library service,-0.0384,51.4755
Nunhead Library,-0.0597,51.4658
Peckham Library,-0.0694,51.4744
East Street Library,-0.0813,51.4905
Blue Anchor Library,-0.064,51.4927
Canada Water Library,-0.0492,51.4978
Newington Temporary Library,-0.0987,51.4941
Brandon Library,-0.1031,51.4827
Waterloo,-0.1119,51.4982
Plumstead Library,0.0967,51.4864
Slade Centre Library,0.0856,51.479
Woolwich Library,0.0656,51.4894
Upper Norwood,-0.0814,51.42
Penge Library,-0.0502,51.4145
Kingswood Library,-0.0804,51.4305
Grove Vale Library,-0.0785,51.4617
Dulwich Library,-0.0746,51.4488
Forest Hill Library,-0.0567,51.4353
Carnegie library (Herne Hill),-0.0974,51.4615
South Norwood,-0.0775,51.3969
Sydenham community library service,-0.0415,51.4264
West Norwood,-0.1042,51.4327
Thamesmere Library,0.1132,51.508
Abbey Wood Library,0.1102,51.4938
Thamesmead Library,0.1223,51.5006
Blackheath Library,0.0213,51.4769
Blackheath Village community library service,0.0095,51.4656
Crofton Park community library service,-0.036,51.4558
Camberwell Library,-0.0918,51.4762
Minet,-0.1046,51.4712
Torridon Road Library,-0.0018,51.4437
Catford library,-0.0213,51.4452
Charlton Library,0.0372,51.4805
Pepys community library service,-0.0302,51.4893
The Library at Deptford Lounge,-0.0236,51.4775
Eltham Centre Library,0.0578,51.4515
Coldharbour Library,0.0573,51.4303
New Eltham Library,0.069,51.4364
Mottingham Library,0.0443,51.437
Stevenage (Central),-0.2015,51.8997
Ware,-0.0341,51.8115
Hertfordshire Archives and Local Studies,-0.0804,51.7916
Stevenage (Old Town),-0.2092,51.9127
Hertford,-0.0786,51.7967
Arlesey Library Access Point,-0.2624,52.0106
Shefford Library,-0.3345,52.0382
Biggleswade Library,-0.2594,52.0878
Sandy Library,-0.2893,52.1294
Potton Library,-0.2142,52.1277
Gamlingay Library Access Point,-0.1903,52.1529
Knebworth,-0.1804,51.8658
Hitchin,-0.2817,51.9482
Stotfold Library,-0.2341,52.0149
Letchworth,-0.2296,51.9767
Baldock,-0.1865,51.9886
Bassingbourn Library Access Point,-0.0556,52.0782
Melbourn Library Access Point,0.0175,52.0845
Royston,-0.0222,52.0468
Buntingford,-0.0205,51.9487
Macclesfield Library,-2.1258,53.2619
Hurdsfield,-2.1142,53.2684
Prestbury Library,-2.1529,53.2884
Bollington Library,-2.1036,53.2982
Poynton Library,-2.1162,53.349
Disley Library,-2.0382,53.358
Hadfield,-1.9665,53.4619
Gamesley,-1.9859,53.4475
Glossop,-1.9501,53.4466
Stockport Central,-2.1607,53.4082
Hyde,-2.0801,53.4509
Hattersley,-2.0134,53.4551
Stalybridge,-2.0564,53.4829
Dukinfield,-2.0834,53.4765
Tideswell,-1.7723,53.2794
Buxton,-1.9079,53.2523
Hayfield,-1.9434,53.3793
New Mills,-2.0023,53.3681
Chapel en le Frith,-1.9139,53.3235
Whaley Bridge,-1.9841,53.3293
Offerton,-2.1209,53.3903
Great Moor,-2.1331,53.3884
Adswood and Bridgehall,-2.1725,53.3943
Edgeley,-2.1729,53.4009
Heatons,-2.1907,53.4167
Reddish,-2.1584,53.4412
Brinnington,-2.1335,53.4259
Bredbury,-2.1014,53.4168
Marple,-2.0623,53.3962
High Lane,-2.0695,53.3644
Bramhall,-2.1649,53.36
Hazel Grove,-2.1164,53.379
Cheadle,-2.213,53.3941
Heald Green,-2.2287,53.37
Cheadle Hulme,-2.1889,53.3749
Wilmslow Library,-2.2326,53.3243
Handforth Library,-2.2147,53.3491
Alderley Edge Library,-2.2365,53.3008
Iver Heath,-0.52,51.5378
Library @ The Curve,-0.595,51.5099
Chalvey satellite library,-0.6103,51.506
Cippenham,-0.6458,51.5169
Burnham Library,-0.6579,51.5315
Britwell,-0.6312,51.535
Farnham Common,-0.6125,51.5545
Wexham satellite library,-0.5793,51.5162
Colnbrook satellite library,-0.5215,51.4849
Langley,-0.5556,51.5016
Datchet,-0.5767,51.4831
Windsor,-0.6091,51.4806
Old Windsor,-0.5851,51.4642
Dedworth,-0.6439,51.4797
Eton,-0.6096,51.4898
Eton Wick,-0.6363,51.4972
Sunningdale Container,-0.6363,51.3951
Sunninghill,-0.656,51.402
Ascot Durning,-0.6758,51.411
Ascot Heath,-0.6906,51.421
Maidenhead,-0.7178,51.5221
Holyport Container,-0.7095,51.4929
Cox Green,-0.7554,51.5084
Woodlands Park Container,-0.7644,51.4975
Boyn Grove community resource centre,-0.745,51.521
Furze Platt Container,-0.7308,51.5389
Cookham,-0.7253,51.5564
Marlow Library,-0.7738,51.571
Bourne End Library,-0.7109,51.5789
Gerrards Cross,-0.5517,51.5882
Chalfont St Peter,-0.5567,51.6066
Sutton Central Library,-0.1949,51.3616
Cheam Library,-0.2169,51.3605
Library @ The Life Centre,-0.2026,51.3784
Morden Library,-0.1961,51.4014
The Circle Library,-0.1759,51.3867
Library @ Westcroft Centre,-0.1569,51.3676
Wallington Library,-0.1509,51.3573
Library @ the Phoenix Centre,-0.1333,51.3532
Banstead,-0.2057,51.3218
Devizes,-1.9918,51.3508
Market Lavington,-1.9772,51.2876
Calne,-2.0049,51.4382
Swindon Central Library,-1.7813,51.5586
Melksham,-2.1364,51.3741
Box,-2.2552,51.4161
Corsham,-2.1934,51.4326
Old Town Library,-1.777,51.5517
Chippenham,-2.1145,51.4573
Wiltshire Studies Library,-2.1089,51.464
Lyneham,-1.966,51.5074
Malmesbury,-2.0964,51.5829
Gorse Hill Community Book Collection,-1.7772,51.5705
Pinetrees Library (Pinehurst),-1.7803,51.5816
Even Swindon Library,-1.8037,51.563
Moredon and Rodbourne Cheney Library,-1.8011,51.5846
North Swindon Library,-1.8074,51.5971
Penhill Library,-1.781,51.5907
Upper Stratton Library,-1.7651,51.5897
Park Library,-1.7499,51.5531
Walcot Library,-1.7615,51.5603
Grange Community Book Collection,-1.7458,51.5792
Covingham Library,-1.7316,51.5644
Liden Library,-1.7288,51.5465
Royal Wootton Bassett,-1.9057,51.5426
Wroughton Library,-1.7944,51.5245
Purton,-1.8682,51.5878
West Swindon Library,-1.8287,51.5584
Cricklade,-1.8565,51.6404
Highworth Library,-1.7099,51.6289
Faringdon,-1.587,51.6584
Marlborough,-1.7336,51.419
Aldbourne,-1.6173,51.4776
Ramsbury,-1.6093,51.4421
Pewsey,-1.7676,51.3392
Southampton Central,-1.407,50.9077
Shirley,-1.4344,50.9237
Burgess Road,-1.3953,50.9383
Lordshill,-1.4486,50.9409
Millbrook Community,-1.4552,50.9273
Portswood,-1.3917,50.9268
Cobbett Road,-1.373,50.9187
Bitterne,-1.3554,50.9149
Thornhill Community,-1.334,50.9082
Weston,-1.3707,50.8882
Stanmore Community Library,-1.3367,51.0518
Winchester Discovery Centre,-1.3161,51.0659
Alresford,-1.1612,51.0912
West End,-1.3357,50.9291
Hedge End,-1.3045,50.9136
Netley,-1.3525,50.8729
Lockswood,-1.275,50.8636
Lowford Community,-1.3174,50.8898
Bishops Waltham,-1.2083,50.9564
Totton,-1.4895,50.92
Milford-on-Sea,-1.5872,50.7261
Lymington,-1.5417,50.7614
Lyndhurst,-1.5747,50.8719
Blackfield,-1.3735,50.8189
Hythe,-1.3996,50.8691
Eastleigh,-1.3539,50.9668
Fair Oak,-1.3013,50.9659
Romsey,-1.4966,50.9914
North Baddesley Community,-1.4365,50.9762
Chandlers Ford,-1.3728,50.9872
Andover,-1.48,51.2083
Ludgershall,-1.6204,51.2551
Salisbury,-1.7971,51.0698
Wilton,-1.8645,51.0796
Tisbury,-2.0809,51.0636
Amesbury,-1.7785,51.1716
Durrington,-1.7714,51.1982
Netheravon,-1.7901,51.2394
Downton,-1.7451,50.9933
Fordingbridge,-1.7906,50.9276
Shaftesbury,-2.1955,51.0073
Gillingham,-2.2759,51.0358
Tidworth,-1.6606,51.2373
City,-1.3811,54.9051
Ryhope,-1.3685,54.8713
Sandhill,-1.4293,54.8879
Kayll Road,-1.4109,54.9018
Bunny Hill,-1.4472,54.9266
Whitburn,-1.3646,54.951
Fulwell,-1.3826,54.9311
Seaham Library,-1.3355,54.8359
Murton Library,-1.3879,54.8194
Peterlee Library,-1.3369,54.7601
Easington Colliery Library,-1.3305,54.788
Horden Library,-1.321,54.7667
Westcliff,0.6828,51.5459
Wickford library,0.5182,51.6133
Southchurch,0.7399,51.5372
Pitsea library,0.504,51.5662
Basildon library,0.4547,51.5709
Fryerns library,0.4768,51.5786
Laindon library,0.4196,51.5737
Vange library,0.483,51.5667
Stanford le Hope,0.4271,51.5157
Corringham,0.4479,51.525
Southend Forum,0.7173,51.5619
Great Wakering library,0.8084,51.5532
Shoeburyness,0.7761,51.5347
Rochford library,0.7058,51.583
Hockley library,0.6565,51.6003
Hullbridge library,0.6129,51.6228
Rayleigh library,0.6037,51.5853
Hadleigh library,0.6085,51.5537
South Benfleet library,0.5602,51.5537
Great Tarpots library,0.5516,51.5676
Canvey Island library,0.5945,51.5231
Leigh,0.6521,51.542
Kent Elms,0.6641,51.5638
Cheadle Library,-1.988,52.988
Blythe Bridge Library,-2.0651,52.9676
Leek Library,-2.0237,53.1073
City Central Library (Hanley),-2.1771,53.0223
Uttoxeter Library,-1.8664,52.9007
Stone Library,-2.1479,52.9022
Holmcroft Library,-2.1321,52.8225
Stafford Library,-2.1153,52.8063
Northwood stadium (book collection),-2.1648,53.0303
Baswich Library,-2.08,52.7914
Rising Brook Library,-2.1183,52.7868
Penkridge Library,-2.1129,52.7258
Brewood Library,-2.1754,52.6767
Gnosall Library,-2.2514,52.7823
Bentilee Library,-2.1289,53.0136
Eccleshall Library,-2.2541,52.8596
Wallace Sport and Education centre (book collection),-2.1397,53.0377
Abbey Hulton (book collection),-2.1419,53.0351
Oakwood Hub (book collection),-2.1582,52.9799
Blurton Hub (book collection),-2.1581,52.9727
Longton Library,-2.1328,52.9837
Meir Library,-2.1049,52.976
Fenton Hub (book collection),-2.163,52.9962
Stoke Library,-2.1836,53.0028
Trentham Reads (book collection),-2.1898,52.9705
Newcastle under Lyme Library,-2.226,53.0124
Clayton Library,-2.2282,52.9943
Knutton Library,-2.2509,53.0171
Silverdale Library,-2.2679,53.0149
Swan Bank (book collection),-2.1859,53.0505
Tunstall Library,-2.2089,53.0591
Whitfield Valley (book collection),-2.1854,53.0737
Ball Green (book collection),-2.1678,53.0709
Kidsgrove Library,-2.2417,53.0863
Talke Library,-2.2558,53.0693
Alsager Library,-2.305,53.0965
Audley Library,-2.3009,53.0537
Biddulph Library,-2.1774,53.1138
Werrington Library,-2.098,53.0217
Battersea Library,-0.1642,51.464
York Gardens Library,-0.1754,51.4675
Battersea Park Library,-0.1544,51.4744
Northcote Library,-0.1644,51.4552
Balham Library,-0.1525,51.4459
Castelnau,-0.2379,51.4795
East Sheen,-0.2672,51.4659
Putney Library,-0.2144,51.4614
Roehampton Library,-0.2421,51.4498
Streatham,-0.129,51.4318
Norbury,-0.1229,51.4051
Tooting Library,-0.1653,51.4261
Earlsfield Library,-0.1872,51.4422
Wandsworth Town Library,-0.1926,51.4566
Colliers Wood Library,-0.1777,51.4182
Donald Hope Library,-0.1777,51.4182
Southfields Library,-0.2072,51.4445
Wimbledon Library,-0.2083,51.4222
Express Library,-0.1304,51.4972
Pimlico Library,-0.1388,51.4879
Victoria Library,-0.1479,51.4929
Raynes Park Library,-0.2285,51.4089
Brixton,-0.1147,51.4611
Chelsea Library,-0.1682,51.4875
Clapham,-0.1335,51.4632
Brompton Library,-0.1884,51.4901
Hurlingham and Chelsea School and Community library,-0.1965,51.4678
Fulham,-0.2027,51.4773
Tate South Lambeth,-0.124,51.4792
Oswestry,-3.0561,52.8606
Gobowen,-3.0369,52.8968
Ellesmere,-2.8962,52.9069
Shrewsbury,-2.7509,52.7107
Whitchurch,-2.6838,52.9695
Malpas Library,-2.7616,53.0278
Library at the Lantern,-2.721,52.7311
Bayston Hill,-2.7674,52.6742
Shawbury,-2.6553,52.7868
Wem,-2.7232,52.8558
Pontesbury,-2.8837,52.6468
Bishop's Castle,-2.9653,52.6928
Church Stretton,-2.8094,52.5377
Leintwardine,-2.8764,52.3614
Craven Arms,-2.8353,52.4447
Ludlow,-2.7181,52.3698
Langport,-2.8285,51.0364
Somerton,-2.7306,51.0538
Martock,-2.7658,50.9715
South Petherton,-2.808,50.9485
Taunton,-3.1015,51.0139
Crewkerne,-2.7953,50.8839
Ilminster,-2.9111,50.9241
Chard,-2.9644,50.8716
Wellington,-3.2282,50.9776
Dulverton,-3.5508,51.0402
Watchet,-3.3294,51.182
Minehead,-3.4773,51.2049
Porlock,-3.5989,51.2092
Priorswood,-3.092,51.0325
Wiveliscombe,-3.3124,51.0424
Bishops Lydeard,-3.1879,51.0609
Williton,-3.3196,51.1615
Nether Stowey,-3.1578,51.1511
Bridgwater,-3.0008,51.128
North Petherton,-3.016,51.0926
Burnham-on-Sea,-2.996,51.2381
Highbridge,-2.9746,51.2192
Berwick Library,-2.0052,55.7708
Newport,-2.3782,52.7683
Shifnal,-2.3727,52.6689
Wellington,-2.5186,52.6988
Broseley,-2.4817,52.6114
Much Wenlock,-2.5581,52.5955
Hadley,-2.4856,52.7016
Oakengates,-2.4506,52.6955
Donnington,-2.4367,52.7165
Stirchley,-2.4351,52.6557
Southwater,-2.4476,52.674
Dawley,-2.4645,52.6631
Madeley,-2.4514,52.6365
Market Drayton,-2.4855,52.9047
Loggerheads Library,-2.3887,52.9189
Tonbridge North Library,0.2809,51.216
Hadlow Library,0.3377,51.2244
Hildenborough Library,0.2406,51.217
Tunbridge Wells Library,0.2639,51.1331
Staplehurst Library,0.5519,51.1605
East Peckham Library,0.3856,51.2124
Paddock Wood Library,0.3888,51.1808
Marden Library,0.4969,51.1734
Sevenoaks Library,0.1949,51.2714
Riverhead Library,0.1697,51.2848
Otford Library,0.1846,51.3131
Seal Library,0.2202,51.2888
West Kingsdown Library,0.2582,51.3443
Kemsing Library,0.2218,51.3077
Borough Green Library,0.3065,51.2923
Westerham Library,0.0719,51.268
Biggin Hill Memorial Library and Pool,0.0363,51.3124
Cranbrook Library,0.5355,51.0994
Hawkhurst Library,0.5117,51.0472
Mayfield Library,0.2628,51.0207
Heathfield Library,0.2526,50.9718
Uckfield Library,0.096,50.9725
Ashford Library,0.8725,51.147
Stanhope Library,0.8528,51.1309
Sherwood Library,0.2873,51.145
Bockhanger Library,0.8799,51.1635
Pembury Library,0.3288,51.1488
Wye Library,0.9371,51.1823
Showfields Library,0.2489,51.1211
Charing Library,0.795,51.2105
Headcorn Library,0.6213,51.1699
New Romney Library,0.9415,50.9865
Lydd Library,0.9065,50.9495
Tenterden Library,0.6842,51.0676
Northiam Village Library,0.6011,50.9958
Rye Library,0.7332,50.9512
Sedlescombe Village Library,0.5278,50.9404
Battle Library,0.4824,50.9181
Hastings Library,0.5763,50.8552
Hastings ChildrenÃ•s Library,0.578,50.8552
Ore Library,0.6083,50.8747
Hollington Library,0.5535,50.874
Bexhill Library,0.4707,50.8403
Southborough Library,0.2624,51.1547
Rusthall Library,0.2272,51.1352
Wadhurst Library,0.3399,51.0618
Crowborough Library,0.1584,51.0587
Edenbridge Library,0.0634,51.2032
Tonbridge Library,0.2718,51.1925
Buckfastleigh,-3.7808,50.4803
Newton Abbot,-3.6126,50.5307
Kingsteignton,-3.5965,50.5457
Kingskerswell,-3.5791,50.4998
Chudleigh,-3.6013,50.6061
Ashburton,-3.7549,50.515
Chagford,-3.8389,50.672
Moretonhampstead,-3.7639,50.661
Bovey Tracey,-3.6761,50.5943
Torquay,-3.5322,50.4693
Teignmouth,-3.4982,50.5476
Paignton,-3.5659,50.4338
Churston,-3.5649,50.404
Brixham,-3.5161,50.3946
Stoke Fleming,-3.5979,50.3282
Dartmouth,-3.5792,50.3521
Kingsbridge,-3.7777,50.2829
Salcombe,-3.7685,50.2355
Totnes,-3.6854,50.431
Penryn Library,-5.1017,50.1673
Falmouth Library,-5.0729,50.1549
Truro Community Library,-5.0515,50.265
St Keverne Library,-5.0862,50.0494
Mullion Micro,-5.2432,50.0273
Porkellis Micro,-5.2315,50.1556
Helston Library,-5.2715,50.1006
Camborne Library,-5.298,50.2116
Redruth Library and One Stop Shop,-5.2253,50.2306
Vogue Micro,-5.1921,50.2379
Penzance Library and One Stop Shop,-5.5388,50.1184
St Just Library,-5.6811,50.1241
Goldsithney Micro,-5.4367,50.1254
Ladock Micro,-4.9621,50.3206
St Ives Library and One Stop Shop,-5.481,50.2115
Hayle Library and One Stop Shop,-5.4165,50.1898
Devoran Micro,-5.0932,50.2109
Shortlanesend Micro,-5.078,50.2879
Roche Micro,-5.1231,50.2622
St Agnes Library,-5.205,50.3103
Perranporth Library,-5.1528,50.3463
Newquay Library,-5.0817,50.4134
St Columb Minor Micro,-5.0429,50.421
St Columb Library,-4.9398,50.4353
Redcar Library,-1.0719,54.6164
Laburnum Road Library,-1.0485,54.6062
Roseberry Library,-1.0758,54.6024
Dormanstown Library,-1.0876,54.6063
Marske Library,-1.0164,54.5917
Saltburn Library,-0.9725,54.5825
Skelton Library,-0.984,54.562
Brotton Library,-0.9463,54.5693
Middlesbrough Central library,-1.2336,54.5744
Loftus Library,-0.8865,54.5527
Guisborough Library,-1.0571,54.5345
Yarm Library,-1.3545,54.5085
Egglescliffe Library,-1.3579,54.5199
Ingleby Barwick Library,-1.3207,54.5182
"Thornaby Library, Gilmour Street (Riverbank Children's Centre)",-1.301,54.5551
Thornaby Central Library and Customer Service Centre,-1.2911,54.5385
Stockton Central Library and Customer Service Centre,-1.3112,54.5666
Ragworth Neighbourhood Centre Library,-1.3257,54.581
Fairfield Library,-1.3509,54.5627
Roseworth Library (Redhill Children's Centre),-1.342,54.588
Norton Library,-1.3119,54.5895
Sedgefield Library,-1.448,54.6537
Billingham Library and Customer Service Centre,-1.2909,54.6067
Headland Library,-1.1838,54.696
Seaton Carew Library,-1.1912,54.661
Owton Manor Library,-1.2387,54.6612
Throston Grange Library,-1.2413,54.6964
Hartlepool Central Library,-1.2165,54.6843
Blackhall Library,-1.2898,54.7473
Wingate Library,-1.3793,54.7258
Trimdon Library,-1.4285,54.6999
North Ormesby Community Hub library,-1.212,54.571
Neptune Centre Library,-1.2047,54.5604
Thorntree Community Hub,-1.1839,54.5646
Grove Hill Community Hub Library,-1.2262,54.559
Easterside Community Hub Library,-1.2158,54.5433
Acklam Community Hub Library,-1.2591,54.5478
South Bank Library,-1.1676,54.5712
Grangetown Library,-1.1425,54.57
Marton Community Hub,-1.2114,54.5294
Ormesby Library,-1.1788,54.5473
Rainbow library,-1.2162,54.5242
Hemlington Community Hub,-1.2405,54.5236
Stokesley library,-1.1935,54.4718
Great Ayton discovery centre,-1.1343,54.4886
Ham,-0.312,51.4364
Teddington,-0.3358,51.4295
Hampton Hill,-0.3549,51.4275
Hampton,-0.3706,51.4143
Feltham Library,-0.4111,51.4464
Hanworth Library,-0.3906,51.4413
Twickenham,-0.3274,51.4476
Bedfont Library,-0.4342,51.4521
Ashford,-0.4642,51.4338
Sunbury,-0.4203,51.4198
Shepperton,-0.4488,51.393
Staines,-0.5105,51.4323
Wraysbury Container,-0.5568,51.458
Stanwell,-0.4754,51.4523
Egham,-0.5528,51.4318
Heathfield Library Access Point,-0.3615,51.4451
Whitton,-0.3604,51.4528
Hounslow Library,-0.363,51.4681
Beavers Library,-0.3967,51.4695
Heston Library,-0.375,51.4859
Cranford Library,-0.4057,51.478
Osterley Library,-0.3465,51.4824
Isleworth Library,-0.3305,51.4666
Brentford Library,-0.3084,51.4868
Richmond Lending Library,-0.3037,51.4623
Richmond Local Studies Library & Archive,-0.3065,51.4588
Richmond Information & Reference Library,-0.3065,51.4588
Kew,-0.2847,51.4766
Ickenham Library,-0.443,51.5633
Oak Farm Library,-0.4495,51.5445
Jubilee Gardens Library,-0.3694,51.5212
Southall Library (Dominion Centre and Library),-0.3818,51.5025
Harlington Library,-0.4365,51.4971
Botwell Green Library,-0.4181,51.5076
Yeading Library,-0.4033,51.5212
Charville Library,-0.4285,51.536
Hayes End Library,-0.4212,51.5255
Northolt Leisure Centre Library,-0.3697,51.5491
Northolt Library,-0.3865,51.5393
Wood End Library,-0.3484,51.5527
Perivale Library,-0.3239,51.5399
Greenford Library,-0.3553,51.5298
Yiewsley Library,-0.4737,51.5148
West Drayton Library,-0.47,51.5054
Uxbridge Library,-0.4783,51.5452
Harefield Library,-0.4836,51.6046
Queen's Park library,-0.2109,51.527
Kensal Library,-0.207,51.5238
North Kensington Library,-0.2092,51.5167
Askew Road,-0.243,51.5031
West Ealing Library,-0.3248,51.5087
Avonmore library and neighbourhood centre,-0.2071,51.4926
Marylebone Library,-0.1507,51.5206
Mayfair Library,-0.1511,51.5094
Little Venice Sports Centre Library,-0.1768,51.5238
Notting Hill Gate Library,-0.1972,51.5112
Paddington Library,-0.1886,51.5174
Acton Town Hall Library,-0.2679,51.5064
Chiswick Library,-0.2611,51.4917
Pitshanger Library,-0.3147,51.5257
Northfields Library,-0.3135,51.4983
Ealing Central Library,-0.3032,51.5125
Hammersmith,-0.2237,51.4946
Shepherds Bush,-0.2237,51.4946
Hanwell Library,-0.3361,51.5099
Kensington Central Library,-0.1944,51.5014
Maida Vale Library,-0.1905,51.5247
Central Library St Helens,-2.7347,53.4536
Peter Street Library,-2.7473,53.4545
Thatto Heath Library,-2.7584,53.4376
Eccleston Library,-2.7749,53.4619
Haydock Library,-2.6568,53.4688
Moss Bank Library,-2.7239,53.4744
Rainford Library,-2.7842,53.4973
Warrington,-2.5964,53.387
Newton-le-Willows Library,-2.6375,53.456
Lymm,-2.4814,53.382
Altrincham,-2.3484,53.3877
Woolston,-2.5356,53.4002
Timperley,-2.3155,53.3986
Hale,-2.3436,53.3769
Knutsford Library,-2.3742,53.302
Padgate,-2.5591,53.4111
Orford Park,-2.5883,53.4046
Golborne,-2.5966,53.4756
Culcheth,-2.5184,53.4525
Birchwood,-2.5295,53.4167
Stockton Heath,-2.5767,53.3717
Grappenhall,-2.55,53.3742
Penketh,-2.656,53.3866
Burtonwood,-2.6566,53.4304
Westbrook,-2.6305,53.408
Helsby Library,-2.7705,53.2705
Frodsham Library,-2.7268,53.2931
Runcorn,-2.7333,53.3423
Halton Lea,-2.6977,53.329
Widnes,-2.7333,53.3621
Ditton,-2.7694,53.3676
Parr Library,-2.7066,53.4497
Chester Lane Library,-2.7258,53.4193
Holborn Library,-0.1157,51.5212
Charing Cross Library,-0.1281,51.5103
Watford Central,-0.4031,51.6602
Oxhey Library (South Oxhey),-0.3892,51.6275
Bushey,-0.3529,51.6385
North Watford,-0.3944,51.6803
Rickmansworth,-0.468,51.6392
Croxley Green,-0.4473,51.6484
Chorleywood,-0.5183,51.6526
Kings Langley,-0.4485,51.7133
Abbots Langley,-0.4197,51.7052
Borehamwood,-0.2743,51.6563
Radlett,-0.3173,51.682
Castleford,-1.3507,53.7266
Airedale,-1.3146,53.7235
Knottingley,-1.253,53.7082
Dewsbury Library,-1.626,53.6896
Wakefield One,-1.5037,53.6842
The Greenwood Centre,-1.662,53.6791
Mirfield Library,-1.694,53.6741
Sandal,-1.486,53.6678
Heckmondwike Library,-1.6728,53.7049
Batley Library,-1.6341,53.7142
Birstall Library,-1.6607,53.7316
Walton,-1.4605,53.6481
Kettlethorpe,-1.5125,53.6435
Ardsley and Tingley library,-1.5501,53.7243
Stanley,-1.477,53.7139
Crofton,-1.4273,53.6554
Havercroft,-1.4119,53.6219
Horbury,-1.5611,53.6615
Ossett,-1.5792,53.6791
Normanton,-1.4222,53.6994
Altofts Library,-1.4363,53.7081
Featherstone,-1.3584,53.6772
Ackworth,-1.3427,53.6418
Pontefract,-1.3123,53.6919
Upton,-1.2757,53.6164
South Elmsall,-1.2953,53.5944
Hemsworth,-1.3538,53.6126
Wigan,-2.6304,53.5455
Aspull,-2.5855,53.5703
Ince,-2.604,53.5434
Hindley,-2.5794,53.5337
Platt Bridge,-2.5959,53.5223
Hope Community,-2.655,53.522
Garswood Library,-2.6734,53.4878
Ashton,-2.6399,53.4898
Lamberhead Green,-2.6869,53.5416
Marsh Green,-2.6674,53.5493
Billinge Library,-2.7066,53.4995
Standish,-2.6626,53.5862
Shevington,-2.6942,53.5711
Leigh,-2.52,53.4978
Upholland,-2.7277,53.5418
Skelmersdale,-2.7518,53.5477
Parbold,-2.7697,53.5952
Pershore Library,-2.0764,52.1114
Evesham Library,-1.9457,52.0934
Broadway Library,-1.8565,52.0379
Welland Library,-2.3114,52.0539
Colwall,-2.3603,52.0792
"Worcester, The Hive",-2.225,52.1938
Malvern Library,-2.3276,52.1144
Tenbury Wells Library,-2.5939,52.3127
Worcester St. John's Library,-2.236,52.1887
Worcester Warndon Library,-2.1912,52.2077
Martley Library,-2.3683,52.2305
Upton-Upon-Severn Library,-2.2165,52.0613
Droitwich Spa Library,-2.1501,52.2669
Priory express,-1.9862,52.5516
Darlaston Library,-2.035,52.5677
Wednesbury Library,-2.0168,52.5538
Cannock Library,-2.035,52.6887
Norton Canes Library,-1.9698,52.6753
Walsall central,-1.979,52.5861
Hednesford Library,-1.9996,52.7091
Heath Hayes Library,-1.9804,52.6888
Lichfield Library,-1.83,52.6797
Shenstone Library,-1.8391,52.6385
Brereton Library,-1.9295,52.7468
Rugeley Library,-1.9357,52.761
Beechdale Library,-2.0074,52.6013
Pleck Library,-2.0036,52.5748
Blakenall Library,-1.9867,52.6147
Bloxwich Library,-2.0055,52.6161
Pelsall Library,-1.9683,52.6297
Rushall Library,-1.9607,52.6086
South Walsall Library,-1.9797,52.5667
Great Wyrley Library,-2.0179,52.6579
Cheslyn Hay Library,-2.0399,52.659
Burntwood Library,-1.9328,52.6813
Brownhills Library,-1.9349,52.6497
Aldridge Library,-1.9173,52.6036
Walsall Wood Library,-1.9316,52.6286
Collingwood Library,-2.117,52.6229
Low Hill Library,-2.1148,52.6122
Wednesfield Library,-2.0834,52.5976
Long Knowle Library,-2.0844,52.612
Ashmore Park Library,-2.0578,52.6137
New Invention Library,-2.0371,52.6127
East Park Library,-2.0949,52.5813
Willenhall Library,-2.053,52.583
Wolverhampton Central Library,-2.125,52.5832
Bilston Library,-2.0715,52.5681
Coseley,-2.0876,52.5417
Bridgnorth,-2.4214,52.5345
Highley,-2.3843,52.451
Blakenhall Library,-2.1278,52.5728
Penn Library,-2.1465,52.5677
Finchfield Library,-2.1761,52.5789
Warstones Library,-2.1671,52.5696
Spring Vale Library,-2.1158,52.5612
Wombourne Library,-2.1844,52.536
Whitmore Reans Library,-2.1428,52.5941
Perton Library,-2.2014,52.5939
Tettenhall Library,-2.1667,52.5983
Albrighton,-2.2775,52.6356
Codsall Library,-2.192,52.6257
Pendeford Library,-2.1446,52.6236
Fulford,-1.0695,53.9377
Scarborough library,-0.4012,54.2812
Eastfield library,-0.3973,54.2393
Scalby library,-0.4418,54.2961
Derwent valley bridge community library,-0.4916,54.2469
Filey library,-0.2903,54.2101
Flamborough,-0.1233,54.1152
Bridlington,-0.1912,54.0821
Bridlington North,-0.182,54.1017
Malton library,-0.7975,54.1356
Norton library,-0.785,54.1323
York,-1.0862,53.9614
Pickering library,-0.7795,54.2459
Dunnington,-0.981,53.9658
Whitby library,-0.6149,54.4835
Rowntree Park reading cafe,-1.0838,53.9489
Bishopthorpe,-1.0968,53.9212
Copmanthorpe,-1.1423,53.9136
Dringhouses,-1.1082,53.9388
Acomb,-1.1269,53.9544
Driffield Library & Customer Service Centre,-0.4406,54.0052
Poppleton,-1.1556,53.9838
Clifton,-1.105,53.9761
Homestead Park Pop Up Cafe,-1.1027,53.9693
Tang Hall,-1.0498,53.9605
Sycamore House reading cafe,-1.0821,53.967
Haxby,-1.0683,54.016
New Earswick,-1.0735,53.9923
Strensall,-1.0362,54.0399
Huntington,-1.0562,53.9956
Stamford Bridge,-0.9126,53.9893
Pocklington,-0.7808,53.9294
Market Weighton Library and Customer Service Centre,-0.6587,53.8635
Boroughbridge library,-1.3952,54.094
Easingwold library,-1.1933,54.1221
Helmsley library,-1.0616,54.246
Kirkbymoorside library,-0.933,54.2707
Thirsk library,-1.3406,54.2329
Selby library,-1.0674,53.7852
Barlby library and community hub,-1.0414,53.7977
